game_id,actionNumber,actionType,period,clock,clock_display,game_clock,scoreHome,scoreAway,teamId,playerName,description,previous_action,next_action,score_margin,leverage_bucket
21800145,2,period,1,PT12M00.00S,12:00,Q1 12:00,0,0,1610612743.0,,Start of 1st Period (9:11 PM EST),,2pt made,0,Low
21800145,7,2pt,1,PT11M41.00S,11:41,Q1 11:41,0,2,1610612738.0,Horford,Horford 19' Jump Shot (2 PTS) (Irving 1 AST),period,2pt made,2,Low
21800145,9,2pt,1,PT11M19.00S,11:19,Q1 11:19,2,2,1610612743.0,Millsap,Millsap 6' Finger Roll Layup (2 PTS),2pt made,3pt made,0,Low
21800145,10,3pt,1,PT11M09.00S,11:09,Q1 11:09,2,5,1610612738.0,Irving,Irving 26' 3PT Pullup Jump Shot (3 PTS),2pt made,2pt missed,3,Low
21800145,11,2pt,1,PT10M55.00S,10:55,Q1 10:55,2,5,1610612743.0,Harris,MISS Harris 4' Hook Shot,3pt made,rebound,3,Low
21800145,12,rebound,1,PT10M54.00S,10:54,Q1 10:54,2,5,1610612738.0,Irving,Irving REBOUND (Off:0 Def:1),2pt missed,2pt missed,3,Low
21800145,13,2pt,1,PT10M48.00S,10:48,Q1 10:48,2,5,1610612738.0,Brown,MISS Brown 15' Pullup Jump Shot,rebound,rebound,3,Low
21800145,14,rebound,1,PT10M45.00S,10:45,Q1 10:45,2,5,1610612743.0,Harris,Harris REBOUND (Off:0 Def:1),2pt missed,2pt missed,3,Low
21800145,15,2pt,1,PT10M31.00S,10:31,Q1 10:31,2,5,1610612743.0,Craig,MISS Craig 15' Turnaround Fadeaway Shot,rebound,rebound,3,Low
21800145,16,rebound,1,PT10M28.00S,10:28,Q1 10:28,2,5,1610612743.0,Millsap,Millsap REBOUND (Off:1 Def:0),2pt missed,turnover,3,Low
21800145,17,turnover,1,PT10M26.00S,10:26,Q1 10:26,2,5,1610612743.0,Millsap,Millsap Bad Pass Turnover (P1.T1),rebound,steal,3,Low
21800145,17,steal,1,PT10M26.00S,10:26,Q1 10:26,2,5,1610612738.0,Horford,Horford STEAL (1 STL),turnover,2pt made,3,Low
21800145,19,2pt,1,PT10M20.00S,10:20,Q1 10:20,2,7,1610612738.0,Brown,Brown 1' Alley Oop Dunk (2 PTS) (Horford 1 AST),steal,2pt missed,5,Low
21800145,21,2pt,1,PT10M05.00S,10:05,Q1 10:05,2,7,1610612743.0,Harris,MISS Harris 17' Pullup Jump Shot,2pt made,block,5,Low
21800145,21,block,1,PT10M05.00S,10:05,Q1 10:05,2,7,1610612738.0,Tatum,Tatum BLOCK (1 BLK),2pt missed,rebound,5,Low
21800145,23,rebound,1,PT10M03.00S,10:03,Q1 10:03,2,7,1610612738.0,Horford,Horford REBOUND (Off:0 Def:1),block,turnover,5,Low
21800145,24,turnover,1,PT09M49.00S,09:49,Q1 09:49,2,7,1610612738.0,Tatum,Tatum Out of Bounds Lost Ball Turnover (P1.T1),rebound,2pt missed,5,Low
21800145,25,2pt,1,PT09M28.00S,09:28,Q1 09:28,2,7,1610612743.0,Millsap,MISS Millsap 9' Turnaround Fadeaway Shot,turnover,rebound,5,Low
21800145,26,rebound,1,PT09M25.00S,09:25,Q1 09:25,2,7,1610612738.0,Hayward,Hayward REBOUND (Off:0 Def:1),2pt missed,3pt made,5,Low
21800145,27,3pt,1,PT09M17.00S,09:17,Q1 09:17,2,10,1610612738.0,Brown,Brown 25' 3PT Jump Shot (5 PTS) (Hayward 1 AST),rebound,timeout,8,Low
21800145,29,timeout,1,PT09M16.00S,09:16,Q1 09:16,2,10,1610612743.0,,NUGGETS Timeout: Regular (Full 1 Short 0),3pt made,substitution,8,Low
21800145,30,substitution,1,PT09M16.00S,09:16,Q1 09:16,2,10,1610612743.0,Craig,SUB out: T. Craig,timeout,substitution,8,Low
21800145,31,substitution,1,PT09M16.00S,09:16,Q1 09:16,2,10,1610612743.0,Hernangomez,SUB in: J. Hernangomez,substitution,foul,8,Low
21800145,32,foul,1,PT09M03.00S,09:03,Q1 09:03,2,10,1610612738.0,Horford,Horford P.FOUL (P1.T1) (B.Forte),substitution,3pt made,8,Low
21800145,34,3pt,1,PT08M55.00S,08:55,Q1 08:55,5,10,1610612743.0,Murray,Murray 24' 3PT Jump Shot (3 PTS) (Harris 1 AST),foul,2pt made,5,Low
21800145,36,2pt,1,PT08M38.00S,08:38,Q1 08:38,5,12,1610612738.0,Hayward,Hayward 2' Alley Oop Layup (2 PTS) (Horford 2 AST),3pt made,3pt made,7,Low
21800145,38,3pt,1,PT08M29.00S,08:29,Q1 08:29,8,12,1610612743.0,Murray,Murray 25' 3PT Jump Shot (6 PTS) (Jokic 1 AST),2pt made,2pt missed,4,Low
21800145,40,2pt,1,PT08M08.00S,08:08,Q1 08:08,8,12,1610612738.0,Brown,MISS Brown 3' Driving Layup,3pt made,block,4,Low
21800145,40,block,1,PT08M08.00S,08:08,Q1 08:08,8,12,1610612743.0,Millsap,Millsap BLOCK (1 BLK),2pt missed,rebound,4,Low
21800145,42,rebound,1,PT08M08.00S,08:08,Q1 08:08,8,12,1610612738.0,,TEAM offensive REBOUND,block,3pt made,4,Low
21800145,43,3pt,1,PT08M03.00S,08:03,Q1 08:03,8,15,1610612738.0,Tatum,Tatum 25' 3PT Jump Shot (3 PTS) (Horford 3 AST),rebound,turnover,7,Low
21800145,45,turnover,1,PT07M53.00S,07:53,Q1 07:53,8,15,1610612743.0,Murray,Murray Lost Ball Turnover (P1.T2),3pt made,steal,7,Low
21800145,45,steal,1,PT07M53.00S,07:53,Q1 07:53,8,15,1610612738.0,Irving,Irving STEAL (1 STL),turnover,2pt made,7,Low
21800145,47,2pt,1,PT07M48.00S,07:48,Q1 07:48,8,17,1610612738.0,Tatum,Tatum 1' Running Dunk (5 PTS) (Irving 2 AST),steal,2pt missed,9,Low
21800145,49,2pt,1,PT07M36.00S,07:36,Q1 07:36,8,17,1610612743.0,Millsap,MISS Millsap 7' Pullup Jump Shot,2pt made,rebound,9,Low
21800145,50,rebound,1,PT07M33.00S,07:33,Q1 07:33,8,17,1610612738.0,Horford,Horford REBOUND (Off:0 Def:2),2pt missed,3pt missed,9,Low
21800145,51,3pt,1,PT07M30.00S,07:30,Q1 07:30,8,17,1610612738.0,Irving,MISS Irving 27' 3PT Pullup Jump Shot,rebound,rebound,9,Low
21800145,52,rebound,1,PT07M26.00S,07:26,Q1 07:26,8,17,1610612743.0,Jokic,Jokic REBOUND (Off:0 Def:1),3pt missed,2pt made,9,Low
21800145,53,2pt,1,PT07M16.00S,07:16,Q1 07:16,10,17,1610612743.0,Murray,Murray 16' Pullup Jump Shot (8 PTS),rebound,2pt missed,7,Low
21800145,55,2pt,1,PT06M59.00S,06:59,Q1 06:59,10,17,1610612738.0,Tatum,MISS Tatum 16' Pullup Jump Shot,2pt made,rebound,7,Low
21800145,56,rebound,1,PT06M57.00S,06:57,Q1 06:57,10,17,1610612743.0,Hernangomez,Hernangomez REBOUND (Off:0 Def:1),2pt missed,2pt made,7,Low
21800145,57,2pt,1,PT06M42.00S,06:42,Q1 06:42,12,17,1610612743.0,Murray,Murray 9' Driving Floating Bank Jump Shot (10 PTS),rebound,2pt made,5,Low
21800145,58,2pt,1,PT06M24.00S,06:24,Q1 06:24,12,19,1610612738.0,Hayward,Hayward 14' Pullup Jump Shot (4 PTS) (Tatum 1 AST),2pt made,turnover,7,Low
21800145,60,turnover,1,PT06M01.00S,06:01,Q1 06:01,12,19,1610612743.0,Murray,Murray Lost Ball Turnover (P2.T3),2pt made,steal,7,Low
21800145,60,steal,1,PT06M01.00S,06:01,Q1 06:01,12,19,1610612738.0,Irving,Irving STEAL (2 STL),turnover,2pt made,7,Low
21800145,62,2pt,1,PT05M57.00S,05:57,Q1 05:57,12,21,1610612738.0,Irving,Irving 1' Running Reverse Layup (5 PTS),steal,3pt missed,9,Low
21800145,63,3pt,1,PT05M45.00S,05:45,Q1 05:45,12,21,1610612743.0,Murray,MISS Murray 24' 3PT Jump Shot,2pt made,rebound,9,Low
21800145,64,rebound,1,PT05M42.00S,05:42,Q1 05:42,12,21,1610612738.0,Hayward,Hayward REBOUND (Off:0 Def:2),3pt missed,2pt missed,9,Low
21800145,65,2pt,1,PT05M35.00S,05:35,Q1 05:35,12,21,1610612738.0,Brown,MISS Brown 16' Pullup Jump Shot,rebound,rebound,9,Low
21800145,66,rebound,1,PT05M32.00S,05:32,Q1 05:32,12,21,1610612743.0,Jokic,Jokic REBOUND (Off:0 Def:2),2pt missed,2pt missed,9,Low
21800145,67,2pt,1,PT05M24.00S,05:24,Q1 05:24,12,21,1610612743.0,Harris,MISS Harris 20' Jump Shot,rebound,rebound,9,Low
21800145,68,rebound,1,PT05M20.00S,05:20,Q1 05:20,12,21,1610612738.0,Horford,Horford REBOUND (Off:0 Def:3),2pt missed,2pt made,9,Low
21800145,69,2pt,1,PT05M03.00S,05:03,Q1 05:03,12,23,1610612738.0,Horford,Horford 15' Driving Floating Bank Jump Shot (4 PTS) (Irving 3 AST),rebound,foul,11,Low
21800145,70,foul,1,PT05M03.00S,05:03,Q1 05:03,12,23,1610612743.0,Jokic,Jokic S.FOUL (P1.T1) (B.Forte),2pt made,freethrow,11,Low
21800145,77,freethrow,1,PT05M03.00S,05:03,Q1 05:03,12,23,1610612738.0,Horford,MISS Horford Free Throw 1 of 1,foul,rebound,11,Low
21800145,78,rebound,1,PT05M03.00S,05:03,Q1 05:03,12,23,1610612743.0,Jokic,Jokic REBOUND (Off:0 Def:3),freethrow,substitution,11,Low
21800145,72,substitution,1,PT05M03.00S,05:03,Q1 05:03,12,23,1610612738.0,Tatum,SUB out: J. Tatum,rebound,substitution,11,Low
21800145,73,substitution,1,PT05M03.00S,05:03,Q1 05:03,12,23,1610612738.0,Hayward,SUB out: G. Hayward,substitution,substitution,11,Low
21800145,74,substitution,1,PT05M03.00S,05:03,Q1 05:03,12,23,1610612738.0,Smart,SUB in: M. Smart,substitution,substitution,11,Low
21800145,75,substitution,1,PT05M03.00S,05:03,Q1 05:03,12,23,1610612738.0,Morris Sr.,SUB in: M. Morris Sr.,substitution,2pt made,11,Low
21800145,79,2pt,1,PT04M52.00S,04:52,Q1 04:52,14,23,1610612743.0,Murray,Murray 2' Driving Finger Roll Layup (12 PTS),substitution,2pt made,9,Low
21800145,80,2pt,1,PT04M33.00S,04:33,Q1 04:33,14,25,1610612738.0,Irving,Irving 10' Turnaround Fadeaway Bank Jump Shot (7 PTS),2pt made,turnover,11,Low
21800145,81,turnover,1,PT04M20.00S,04:20,Q1 04:20,14,25,1610612743.0,Murray,Murray Bad Pass Turnover (P3.T4),2pt made,steal,11,Low
21800145,81,steal,1,PT04M20.00S,04:20,Q1 04:20,14,25,1610612738.0,Brown,Brown STEAL (1 STL),turnover,2pt made,11,Low
21800145,83,2pt,1,PT04M17.00S,04:17,Q1 04:17,14,27,1610612738.0,Brown,Brown 1' Running Layup (7 PTS) (Horford 4 AST),steal,timeout,13,Low
21800145,85,timeout,1,PT04M17.00S,04:17,Q1 04:17,14,27,1610612743.0,,NUGGETS Timeout: Regular (Full 2 Short 0),2pt made,substitution,13,Low
21800145,86,substitution,1,PT04M17.00S,04:17,Q1 04:17,14,27,1610612743.0,Millsap,SUB out: P. Millsap,timeout,substitution,13,Low
21800145,87,substitution,1,PT04M17.00S,04:17,Q1 04:17,14,27,1610612743.0,Harris,SUB out: G. Harris,substitution,substitution,13,Low
21800145,88,substitution,1,PT04M17.00S,04:17,Q1 04:17,14,27,1610612738.0,Irving,SUB out: K. Irving,substitution,substitution,13,Low
21800145,89,substitution,1,PT04M17.00S,04:17,Q1 04:17,14,27,1610612738.0,Horford,SUB out: A. Horford,substitution,substitution,13,Low
21800145,90,substitution,1,PT04M17.00S,04:17,Q1 04:17,14,27,1610612743.0,Beasley,SUB in: M. Beasley,substitution,substitution,13,Low
21800145,91,substitution,1,PT04M17.00S,04:17,Q1 04:17,14,27,1610612743.0,Lyles,SUB in: T. Lyles,substitution,substitution,13,Low
21800145,92,substitution,1,PT04M17.00S,04:17,Q1 04:17,14,27,1610612738.0,Baynes,SUB in: A. Baynes,substitution,substitution,13,Low
21800145,93,substitution,1,PT04M17.00S,04:17,Q1 04:17,14,27,1610612738.0,Rozier,SUB in: T. Rozier,substitution,foul,13,Low
21800145,94,foul,1,PT04M09.00S,04:09,Q1 04:09,14,27,1610612743.0,Jokic,Jokic OFF.Foul (P2) (S.Foster),substitution,turnover,13,Low
21800145,96,turnover,1,PT04M09.00S,04:09,Q1 04:09,14,27,1610612743.0,Jokic,Jokic Offensive Foul Turnover (P1.T5),foul,substitution,13,Low
21800145,97,substitution,1,PT04M09.00S,04:09,Q1 04:09,14,27,1610612743.0,Jokic,SUB out: N. Jokic,turnover,substitution,13,Low
21800145,98,substitution,1,PT04M09.00S,04:09,Q1 04:09,14,27,1610612743.0,Plumlee,SUB in: M. Plumlee,substitution,turnover,13,Low
21800145,99,turnover,1,PT03M51.00S,03:51,Q1 03:51,14,27,1610612738.0,Morris Sr.,Morris Sr. Traveling Turnover (P1.T2),substitution,3pt missed,13,Low
21800145,101,3pt,1,PT03M38.00S,03:38,Q1 03:38,14,27,1610612743.0,Beasley,MISS Beasley 24' 3PT Jump Shot,turnover,rebound,13,Low
21800145,102,rebound,1,PT03M35.00S,03:35,Q1 03:35,14,27,1610612738.0,,TEAM defensive REBOUND,3pt missed,2pt missed,13,Low
21800145,104,2pt,1,PT03M19.00S,03:19,Q1 03:19,14,27,1610612738.0,Rozier,MISS Rozier 5' Cutting Layup Shot,rebound,rebound,13,Low
21800145,105,rebound,1,PT03M16.00S,03:16,Q1 03:16,14,27,1610612743.0,Murray,Murray REBOUND (Off:0 Def:1),2pt missed,2pt made,13,Low
21800145,106,2pt,1,PT03M11.00S,03:11,Q1 03:11,16,27,1610612743.0,Murray,Murray 8' Driving Floating Jump Shot (14 PTS),rebound,2pt made,11,Low
21800145,107,2pt,1,PT02M57.00S,02:57,Q1 02:57,16,29,1610612738.0,Morris Sr.,Morris Sr. 21' Jump Shot (2 PTS) (Baynes 1 AST),2pt made,turnover,13,Low
21800145,109,turnover,1,PT02M35.00S,02:35,Q1 02:35,16,29,1610612743.0,Plumlee,Plumlee Lost Ball Turnover (P1.T6),2pt made,steal,13,Low
21800145,109,steal,1,PT02M35.00S,02:35,Q1 02:35,16,29,1610612738.0,Rozier,Rozier STEAL (1 STL),turnover,3pt missed,13,Low
21800145,111,3pt,1,PT02M27.00S,02:27,Q1 02:27,16,29,1610612738.0,Brown,MISS Brown 3PT Jump Shot,steal,rebound,13,Low
21800145,112,rebound,1,PT02M24.00S,02:24,Q1 02:24,16,29,1610612738.0,Smart,Smart REBOUND (Off:1 Def:0),3pt missed,3pt missed,13,Low
21800145,113,3pt,1,PT02M23.00S,02:23,Q1 02:23,16,29,1610612738.0,Morris Sr.,MISS Morris Sr. 25' 3PT Jump Shot,rebound,rebound,13,Low
21800145,114,rebound,1,PT02M17.00S,02:17,Q1 02:17,16,29,1610612743.0,Beasley,Beasley REBOUND (Off:0 Def:1),3pt missed,2pt missed,13,Low
21800145,115,2pt,1,PT02M02.00S,02:02,Q1 02:02,16,29,1610612743.0,Lyles,MISS Lyles 15' Turnaround Fadeaway Shot,rebound,rebound,13,Low
21800145,116,rebound,1,PT01M59.00S,01:59,Q1 01:59,16,29,1610612738.0,Rozier,Rozier REBOUND (Off:0 Def:1),2pt missed,3pt made,13,Low
21800145,117,3pt,1,PT01M42.00S,01:42,Q1 01:42,16,32,1610612738.0,Rozier,Rozier 3PT Jump Shot (3 PTS) (Smart 1 AST),rebound,2pt missed,16,Low
21800145,119,2pt,1,PT01M35.00S,01:35,Q1 01:35,16,32,1610612743.0,Beasley,MISS Beasley 3' Running Jump Shot,3pt made,block,16,Low
21800145,119,block,1,PT01M35.00S,01:35,Q1 01:35,16,32,1610612738.0,Smart,Smart BLOCK (1 BLK),2pt missed,rebound,16,Low
21800145,121,rebound,1,PT01M35.00S,01:35,Q1 01:35,16,32,1610612738.0,Smart,Smart REBOUND (Off:1 Def:1),block,substitution,16,Low
21800145,123,substitution,1,PT01M35.00S,01:35,Q1 01:35,16,32,1610612743.0,Murray,SUB out: J. Murray,rebound,substitution,16,Low
21800145,124,substitution,1,PT01M35.00S,01:35,Q1 01:35,16,32,1610612743.0,Hernangomez,SUB out: J. Hernangomez,substitution,substitution,16,Low
21800145,125,substitution,1,PT01M35.00S,01:35,Q1 01:35,16,32,1610612738.0,Brown,SUB out: J. Brown,substitution,substitution,16,Low
21800145,126,substitution,1,PT01M35.00S,01:35,Q1 01:35,16,32,1610612743.0,Morris,SUB in: M. Morris,substitution,substitution,16,Low
21800145,127,substitution,1,PT01M35.00S,01:35,Q1 01:35,16,32,1610612743.0,Harris,SUB in: G. Harris,substitution,substitution,16,Low
21800145,128,substitution,1,PT01M35.00S,01:35,Q1 01:35,16,32,1610612738.0,Ojeleye,SUB in: S. Ojeleye,substitution,2pt made,16,Low
21800145,129,2pt,1,PT01M12.00S,01:12,Q1 01:12,16,34,1610612738.0,Smart,Smart 21' Pullup Jump Shot (2 PTS) (Morris Sr. 1 AST),substitution,3pt made,18,Low
21800145,131,3pt,1,PT00M56.10S,00:56,Q1 00:56,19,34,1610612743.0,Lyles,Lyles 25' 3PT Jump Shot (3 PTS) (Harris 2 AST),2pt made,foul,15,Low
21800145,133,foul,1,PT00M44.10S,00:44,Q1 00:44,19,34,1610612743.0,Lyles,Lyles P.FOUL (P1.T2) (S.Foster),3pt made,2pt missed,15,Low
21800145,135,2pt,1,PT00M30.30S,00:30,Q1 00:30,19,34,1610612738.0,Rozier,MISS Rozier 22' Fadeaway Jumper,foul,rebound,15,Low
21800145,136,rebound,1,PT00M27.50S,00:27,Q1 00:27,19,34,1610612743.0,Morris,Morris REBOUND (Off:0 Def:1),2pt missed,3pt missed,15,Low
21800145,137,3pt,1,PT00M08.80S,00:08,Q1 00:08,19,34,1610612743.0,Lyles,MISS Lyles 25' 3PT Jump Shot,rebound,rebound,15,Low
21800145,138,rebound,1,PT00M03.90S,00:03,Q1 00:03,19,34,1610612743.0,Plumlee,Plumlee REBOUND (Off:1 Def:0),3pt missed,2pt missed,15,Low
21800145,139,2pt,1,PT00M03.10S,00:03,Q1 00:03,19,34,1610612743.0,Plumlee,MISS Plumlee 1' Putback Layup,rebound,rebound,15,Low
21800145,140,rebound,1,PT00M02.90S,00:02,Q1 00:02,19,34,1610612743.0,Plumlee,Plumlee REBOUND (Off:3 Def:0),2pt missed,2pt missed,15,Low
21800145,144,2pt,1,PT00M02.00S,00:02,Q1 00:02,19,34,1610612743.0,Plumlee,MISS Plumlee 1' Tip Layup Shot,rebound,block,15,Low
21800145,144,block,1,PT00M02.00S,00:02,Q1 00:02,19,34,1610612738.0,Baynes,Baynes BLOCK (1 BLK),2pt missed,rebound,15,Low
21800145,146,rebound,1,PT00M01.90S,00:01,Q1 00:01,19,34,1610612743.0,Plumlee,Plumlee REBOUND (Off:3 Def:0),block,2pt missed,15,Low
21800145,141,2pt,1,PT00M00.30S,00:00,Q1 00:00,19,34,1610612743.0,Plumlee,MISS Plumlee 11' Jump Shot,rebound,rebound,15,Low
21800145,142,rebound,1,PT00M00.10S,00:00,Q1 00:00,19,34,1610612738.0,Morris Sr.,Morris Sr. REBOUND (Off:0 Def:1),2pt missed,period,15,Low
21800145,143,period,1,PT00M00.00S,00:00,Q1 00:00,19,34,1610612743.0,,End of 1st Period (9:32 PM EST),rebound,period,15,Low
21800145,147,period,2,PT12M00.00S,12:00,Q2 12:00,19,34,1610612743.0,,Start of 2nd Period (9:34 PM EST),period,3pt missed,15,Low
21800145,148,3pt,2,PT11M41.00S,11:41,Q2 11:41,19,34,1610612743.0,Lyles,MISS Lyles 24' 3PT Jump Shot,period,rebound,15,Low
21800145,149,rebound,2,PT11M36.00S,11:36,Q2 11:36,19,34,1610612738.0,Morris Sr.,Morris Sr. REBOUND (Off:0 Def:2),3pt missed,2pt missed,15,Low
21800145,150,2pt,2,PT11M23.00S,11:23,Q2 11:23,19,34,1610612738.0,Morris Sr.,MISS Morris Sr. 5' Turnaround Jump Shot,rebound,rebound,15,Low
21800145,151,rebound,2,PT11M21.00S,11:21,Q2 11:21,19,34,1610612743.0,Lyles,Lyles REBOUND (Off:0 Def:1),2pt missed,2pt made,15,Low
21800145,152,2pt,2,PT11M12.00S,11:12,Q2 11:12,21,34,1610612743.0,Beasley,Beasley 2' Driving Layup (2 PTS) (Plumlee 1 AST),rebound,turnover,13,Low
21800145,154,turnover,2,PT10M57.00S,10:57,Q2 10:57,21,34,1610612738.0,Smart,Smart Bad Pass Turnover (P1.T3),2pt made,steal,13,Low
21800145,154,steal,2,PT10M57.00S,10:57,Q2 10:57,21,34,1610612743.0,Morris,Morris STEAL (1 STL),turnover,2pt made,13,Low
21800145,156,2pt,2,PT10M50.00S,10:50,Q2 10:50,23,34,1610612743.0,Morris,Morris 2' Driving Finger Roll Layup (2 PTS) (Lyles 1 AST),steal,foul,11,Low
21800145,158,foul,2,PT10M50.00S,10:50,Q2 10:50,23,34,1610612738.0,Morris Sr.,Morris Sr. S.FOUL (P1.T1) (S.Foster),2pt made,freethrow,11,Low
21800145,160,freethrow,2,PT10M50.00S,10:50,Q2 10:50,23,34,1610612743.0,Morris,MISS Morris Free Throw 1 of 1,foul,rebound,11,Low
21800145,161,rebound,2,PT10M50.00S,10:50,Q2 10:50,23,34,1610612738.0,Baynes,Baynes REBOUND (Off:0 Def:1),freethrow,3pt missed,11,Low
21800145,162,3pt,2,PT10M33.00S,10:33,Q2 10:33,23,34,1610612738.0,Morris Sr.,MISS Morris Sr. 3PT Jump Shot,rebound,rebound,11,Low
21800145,163,rebound,2,PT10M31.00S,10:31,Q2 10:31,23,34,1610612743.0,,TEAM defensive REBOUND,3pt missed,3pt made,11,Low
21800145,165,3pt,2,PT10M18.00S,10:18,Q2 10:18,26,34,1610612743.0,Harris,Harris 25' 3PT Pullup Jump Shot (3 PTS) (Morris 1 AST),rebound,timeout,8,Low
21800145,167,timeout,2,PT10M18.00S,10:18,Q2 10:18,26,34,1610612738.0,,Celtics Timeout: Regular (Reg.1 Short 0),3pt made,substitution,8,Low
21800145,168,substitution,2,PT10M18.00S,10:18,Q2 10:18,26,34,1610612738.0,Morris Sr.,SUB out: M. Morris Sr.,timeout,substitution,8,Low
21800145,169,substitution,2,PT10M18.00S,10:18,Q2 10:18,26,34,1610612738.0,Ojeleye,SUB out: S. Ojeleye,substitution,substitution,8,Low
21800145,170,substitution,2,PT10M18.00S,10:18,Q2 10:18,26,34,1610612738.0,Hayward,SUB in: G. Hayward,substitution,substitution,8,Low
21800145,171,substitution,2,PT10M18.00S,10:18,Q2 10:18,26,34,1610612738.0,Tatum,SUB in: J. Tatum,substitution,3pt missed,8,Low
21800145,172,3pt,2,PT10M02.00S,10:02,Q2 10:02,26,34,1610612738.0,Smart,MISS Smart 24' 3PT Jump Shot,substitution,rebound,8,Low
21800145,173,rebound,2,PT09M57.00S,09:57,Q2 09:57,26,34,1610612743.0,Harris,Harris REBOUND (Off:0 Def:2),3pt missed,2pt made,8,Low
21800145,174,2pt,2,PT09M46.00S,09:46,Q2 09:46,28,34,1610612743.0,Plumlee,Plumlee 1' Alley Oop Dunk (2 PTS) (Morris 2 AST),rebound,turnover,6,Low
21800145,176,turnover,2,PT09M32.00S,09:32,Q2 09:32,28,34,1610612738.0,Smart,Smart Bad Pass Turnover (P2.T4),2pt made,steal,6,Low
21800145,176,steal,2,PT09M32.00S,09:32,Q2 09:32,28,34,1610612743.0,Harris,Harris STEAL (1 STL),turnover,turnover,6,Low
21800145,178,turnover,2,PT09M28.00S,09:28,Q2 09:28,28,34,1610612743.0,Beasley,Beasley Bad Pass Turnover (P1.T7),steal,steal,6,Low
21800145,178,steal,2,PT09M28.00S,09:28,Q2 09:28,28,34,1610612738.0,Smart,Smart STEAL (1 STL),turnover,3pt made,6,Low
21800145,180,3pt,2,PT09M24.00S,09:24,Q2 09:24,28,37,1610612738.0,Rozier,Rozier 25' 3PT Jump Shot (6 PTS) (Smart 2 AST),steal,2pt missed,9,Low
21800145,182,2pt,2,PT09M01.00S,09:01,Q2 09:01,28,37,1610612743.0,Beasley,MISS Beasley 20' Pullup Jump Shot,3pt made,rebound,9,Low
21800145,183,rebound,2,PT08M58.00S,08:58,Q2 08:58,28,37,1610612738.0,Baynes,Baynes REBOUND (Off:0 Def:2),2pt missed,2pt missed,9,Low
21800145,184,2pt,2,PT08M53.00S,08:53,Q2 08:53,28,37,1610612738.0,Rozier,MISS Rozier 2' Running Dunk,rebound,rebound,9,Low
21800145,185,rebound,2,PT08M51.00S,08:51,Q2 08:51,28,37,1610612743.0,Plumlee,Plumlee REBOUND (Off:3 Def:1),2pt missed,3pt missed,9,Low
21800145,186,3pt,2,PT08M32.00S,08:32,Q2 08:32,28,37,1610612743.0,Harris,MISS Harris 28' 3PT Jump Shot,rebound,rebound,9,Low
21800145,187,rebound,2,PT08M29.00S,08:29,Q2 08:29,28,37,1610612738.0,Hayward,Hayward REBOUND (Off:0 Def:3),3pt missed,2pt made,9,Low
21800145,188,2pt,2,PT08M15.00S,08:15,Q2 08:15,28,39,1610612738.0,Smart,Smart 2' Driving Reverse Layup (4 PTS) (Hayward 2 AST),rebound,2pt missed,11,Low
21800145,190,2pt,2,PT08M04.00S,08:04,Q2 08:04,28,39,1610612743.0,Morris,MISS Morris 3' Cutting Layup Shot,2pt made,rebound,11,Low
21800145,191,rebound,2,PT08M04.00S,08:04,Q2 08:04,28,39,1610612743.0,Harris,Harris REBOUND (Off:1 Def:2),2pt missed,foul,11,Low
21800145,193,foul,2,PT07M56.00S,07:56,Q2 07:56,28,39,1610612738.0,Baynes,Baynes S.FOUL (P1.T2) (B.Forte),rebound,freethrow,11,Low
21800145,195,freethrow,2,PT07M56.00S,07:56,Q2 07:56,29,39,1610612743.0,Harris,Harris Free Throw 1 of 2 (4 PTS),foul,freethrow,10,Low
21800145,202,freethrow,2,PT07M56.00S,07:56,Q2 07:56,30,39,1610612743.0,Harris,Harris Free Throw 2 of 2 (5 PTS),freethrow,substitution,9,Low
21800145,196,substitution,2,PT07M56.00S,07:56,Q2 07:56,29,39,1610612743.0,Morris,SUB out: M. Morris,freethrow,substitution,10,Low
21800145,197,substitution,2,PT07M56.00S,07:56,Q2 07:56,29,39,1610612738.0,Smart,SUB out: M. Smart,substitution,substitution,10,Low
21800145,198,substitution,2,PT07M56.00S,07:56,Q2 07:56,29,39,1610612738.0,Baynes,SUB out: A. Baynes,substitution,substitution,10,Low
21800145,199,substitution,2,PT07M56.00S,07:56,Q2 07:56,29,39,1610612743.0,Murray,SUB in: J. Murray,substitution,substitution,10,Low
21800145,200,substitution,2,PT07M56.00S,07:56,Q2 07:56,29,39,1610612738.0,Horford,SUB in: A. Horford,substitution,substitution,10,Low
21800145,201,substitution,2,PT07M56.00S,07:56,Q2 07:56,29,39,1610612738.0,Irving,SUB in: K. Irving,substitution,2pt missed,10,Low
21800145,203,2pt,2,PT07M43.00S,07:43,Q2 07:43,30,39,1610612738.0,Tatum,MISS Tatum 18' Step Back Jump Shot,substitution,rebound,9,Low
21800145,204,rebound,2,PT07M39.00S,07:39,Q2 07:39,30,39,1610612743.0,Lyles,Lyles REBOUND (Off:0 Def:2),2pt missed,2pt missed,9,Low
21800145,205,2pt,2,PT07M36.00S,07:36,Q2 07:36,30,39,1610612743.0,Harris,MISS Harris 3' Running Layup,rebound,block,9,Low
21800145,205,block,2,PT07M36.00S,07:36,Q2 07:36,30,39,1610612738.0,Rozier,Rozier BLOCK (1 BLK),2pt missed,rebound,9,Low
21800145,207,rebound,2,PT07M36.00S,07:36,Q2 07:36,30,39,1610612743.0,,TEAM offensive REBOUND,block,substitution,9,Low
21800145,209,substitution,2,PT07M36.00S,07:36,Q2 07:36,30,39,1610612743.0,Plumlee,SUB out: M. Plumlee,rebound,substitution,9,Low
21800145,210,substitution,2,PT07M36.00S,07:36,Q2 07:36,30,39,1610612743.0,Jokic,SUB in: N. Jokic,substitution,3pt made,9,Low
21800145,211,3pt,2,PT07M30.00S,07:30,Q2 07:30,33,39,1610612743.0,Lyles,Lyles 3PT Jump Shot (6 PTS) (Jokic 2 AST),substitution,2pt made,6,Low
21800145,213,2pt,2,PT07M15.00S,07:15,Q2 07:15,33,41,1610612738.0,Irving,Irving 13' Turnaround Fadeaway (9 PTS),3pt made,2pt made,8,Low
21800145,214,2pt,2,PT06M57.00S,06:57,Q2 06:57,35,41,1610612743.0,Harris,Harris 1' Driving Dunk (7 PTS),2pt made,2pt made,6,Low
21800145,215,2pt,2,PT06M43.00S,06:43,Q2 06:43,35,43,1610612738.0,Tatum,Tatum 4' Floating Jump Shot (7 PTS),2pt made,2pt missed,8,Low
21800145,216,2pt,2,PT06M29.00S,06:29,Q2 06:29,35,43,1610612743.0,Beasley,MISS Beasley 15' Pullup Jump Shot,2pt made,block,8,Low
21800145,216,block,2,PT06M29.00S,06:29,Q2 06:29,35,43,1610612738.0,Tatum,Tatum BLOCK (2 BLK),2pt missed,rebound,8,Low
21800145,218,rebound,2,PT06M29.00S,06:29,Q2 06:29,35,43,1610612743.0,,TEAM offensive REBOUND,block,substitution,8,Low
21800145,220,substitution,2,PT06M29.00S,06:29,Q2 06:29,35,43,1610612743.0,Harris,SUB out: G. Harris,rebound,substitution,8,Low
21800145,221,substitution,2,PT06M29.00S,06:29,Q2 06:29,35,43,1610612743.0,Hernangomez,SUB in: J. Hernangomez,substitution,turnover,8,Low
21800145,222,turnover,2,PT06M26.00S,06:26,Q2 06:26,35,43,1610612743.0,Jokic,Jokic Lost Ball Turnover (P2.T8),substitution,steal,8,Low
21800145,222,steal,2,PT06M26.00S,06:26,Q2 06:26,35,43,1610612738.0,Irving,Irving STEAL (3 STL),turnover,2pt missed,8,Low
21800145,224,2pt,2,PT06M15.00S,06:15,Q2 06:15,35,43,1610612738.0,Horford,MISS Horford 4' Turnaround Jump Shot,steal,block,8,Low
21800145,224,block,2,PT06M15.00S,06:15,Q2 06:15,35,43,1610612743.0,Lyles,Lyles BLOCK (1 BLK),2pt missed,rebound,8,Low
21800145,226,rebound,2,PT06M11.00S,06:11,Q2 06:11,35,43,1610612743.0,Beasley,Beasley REBOUND (Off:0 Def:2),block,3pt missed,8,Low
21800145,227,3pt,2,PT05M59.00S,05:59,Q2 05:59,35,43,1610612743.0,Lyles,MISS Lyles 24' 3PT Jump Shot,rebound,rebound,8,Low
21800145,228,rebound,2,PT05M55.00S,05:55,Q2 05:55,35,43,1610612738.0,Rozier,Rozier REBOUND (Off:0 Def:2),3pt missed,foul,8,Low
21800145,229,foul,2,PT05M54.00S,05:54,Q2 05:54,35,43,1610612743.0,Beasley,Beasley S.FOUL (P1.T1) (S.Foster),rebound,freethrow,8,Low
21800145,231,freethrow,2,PT05M54.00S,05:54,Q2 05:54,35,44,1610612738.0,Hayward,Hayward Free Throw 1 of 2 (5 PTS),foul,freethrow,9,Low
21800145,234,freethrow,2,PT05M54.00S,05:54,Q2 05:54,35,45,1610612738.0,Hayward,Hayward Free Throw 2 of 2 (6 PTS),freethrow,substitution,10,Low
21800145,232,substitution,2,PT05M54.00S,05:54,Q2 05:54,35,44,1610612743.0,Lyles,SUB out: T. Lyles,freethrow,substitution,9,Low
21800145,233,substitution,2,PT05M54.00S,05:54,Q2 05:54,35,44,1610612743.0,Millsap,SUB in: P. Millsap,substitution,foul,9,Low
21800145,235,foul,2,PT05M46.00S,05:46,Q2 05:46,35,45,1610612738.0,Rozier,Rozier S.FOUL (P1.T3) (S.Foster),substitution,freethrow,10,Low
21800145,237,freethrow,2,PT05M46.00S,05:46,Q2 05:46,36,45,1610612743.0,Jokic,Jokic Free Throw 1 of 2 (1 PTS),foul,freethrow,9,Low
21800145,238,freethrow,2,PT05M46.00S,05:46,Q2 05:46,37,45,1610612743.0,Jokic,Jokic Free Throw 2 of 2 (2 PTS),freethrow,3pt missed,8,Low
21800145,239,3pt,2,PT05M33.00S,05:33,Q2 05:33,37,45,1610612738.0,Rozier,MISS Rozier 24' 3PT Jump Shot,freethrow,rebound,8,Low
21800145,240,rebound,2,PT05M29.00S,05:29,Q2 05:29,37,45,1610612743.0,Beasley,Beasley REBOUND (Off:0 Def:3),3pt missed,2pt missed,8,Low
21800145,241,2pt,2,PT05M12.00S,05:12,Q2 05:12,37,45,1610612743.0,Murray,MISS Murray 17' Step Back Jump Shot,rebound,rebound,8,Low
21800145,242,rebound,2,PT05M10.00S,05:10,Q2 05:10,37,45,1610612743.0,Jokic,Jokic REBOUND (Off:1 Def:3),2pt missed,3pt missed,8,Low
21800145,243,3pt,2,PT05M09.00S,05:09,Q2 05:09,37,45,1610612743.0,Beasley,MISS Beasley 25' 3PT Jump Shot,rebound,rebound,8,Low
21800145,244,rebound,2,PT05M04.00S,05:04,Q2 05:04,37,45,1610612738.0,Hayward,Hayward REBOUND (Off:0 Def:4),3pt missed,3pt missed,8,Low
21800145,245,3pt,2,PT04M53.00S,04:53,Q2 04:53,37,45,1610612738.0,Tatum,MISS Tatum 25' 3PT Jump Shot,rebound,rebound,8,Low
21800145,246,rebound,2,PT04M51.00S,04:51,Q2 04:51,37,45,1610612743.0,Jokic,Jokic REBOUND (Off:1 Def:4),3pt missed,3pt made,8,Low
21800145,247,3pt,2,PT04M48.00S,04:48,Q2 04:48,40,45,1610612743.0,Murray,Murray 24' 3PT Jump Shot (17 PTS) (Jokic 3 AST),rebound,2pt made,5,Low
21800145,249,2pt,2,PT04M20.00S,04:20,Q2 04:20,40,47,1610612738.0,Irving,Irving 19' Step Back Jump Shot (11 PTS),3pt made,2pt made,7,Low
21800145,250,2pt,2,PT04M07.00S,04:07,Q2 04:07,42,47,1610612743.0,Murray,Murray 15' Pullup Jump Shot (19 PTS) (Jokic 4 AST),2pt made,2pt made,5,Low
21800145,252,2pt,2,PT03M48.00S,03:48,Q2 03:48,42,49,1610612738.0,Irving,Irving 14' Turnaround Fadeaway (13 PTS),2pt made,2pt made,7,Low
21800145,253,2pt,2,PT03M33.00S,03:33,Q2 03:33,44,49,1610612743.0,Jokic,Jokic 3' Cutting Layup Shot (4 PTS) (Murray 1 AST),2pt made,2pt missed,5,Low
21800145,255,2pt,2,PT03M19.00S,03:19,Q2 03:19,44,49,1610612738.0,Irving,MISS Irving 17' Fadeaway Jumper,2pt made,rebound,5,Low
21800145,256,rebound,2,PT03M15.00S,03:15,Q2 03:15,44,49,1610612743.0,Millsap,Millsap REBOUND (Off:1 Def:1),2pt missed,3pt missed,5,Low
21800145,257,3pt,2,PT03M10.00S,03:10,Q2 03:10,44,49,1610612743.0,Beasley,MISS Beasley 3PT Jump Shot,rebound,rebound,5,Low
21800145,258,rebound,2,PT03M07.00S,03:07,Q2 03:07,44,49,1610612738.0,Tatum,Tatum REBOUND (Off:0 Def:1),3pt missed,turnover,5,Low
21800145,259,turnover,2,PT03M06.00S,03:06,Q2 03:06,44,49,1610612738.0,Tatum,Tatum Traveling Turnover (P2.T5),rebound,substitution,5,Low
21800145,260,substitution,2,PT03M06.00S,03:06,Q2 03:06,44,49,1610612743.0,Beasley,SUB out: M. Beasley,turnover,substitution,5,Low
21800145,261,substitution,2,PT03M06.00S,03:06,Q2 03:06,44,49,1610612738.0,Rozier,SUB out: T. Rozier,substitution,substitution,5,Low
21800145,262,substitution,2,PT03M06.00S,03:06,Q2 03:06,44,49,1610612738.0,Hayward,SUB out: G. Hayward,substitution,substitution,5,Low
21800145,263,substitution,2,PT03M06.00S,03:06,Q2 03:06,44,49,1610612743.0,Harris,SUB in: G. Harris,substitution,substitution,5,Low
21800145,264,substitution,2,PT03M06.00S,03:06,Q2 03:06,44,49,1610612738.0,Morris Sr.,SUB in: M. Morris Sr.,substitution,substitution,5,Low
21800145,265,substitution,2,PT03M06.00S,03:06,Q2 03:06,44,49,1610612738.0,Brown,SUB in: J. Brown,substitution,2pt made,5,Low
21800145,266,2pt,2,PT02M56.00S,02:56,Q2 02:56,46,49,1610612743.0,Murray,Murray 12' Driving Floating Bank Jump Shot (21 PTS) (Jokic 5 AST),substitution,2pt missed,3,Low
21800145,268,2pt,2,PT02M34.00S,02:34,Q2 02:34,46,49,1610612738.0,Tatum,MISS Tatum 21' Step Back Jump Shot,2pt made,rebound,3,Low
21800145,269,rebound,2,PT02M32.00S,02:32,Q2 02:32,46,49,1610612743.0,Murray,Murray REBOUND (Off:0 Def:2),2pt missed,foul,3,Low
21800145,270,foul,2,PT02M20.00S,02:20,Q2 02:20,46,49,1610612738.0,Irving,Irving P.FOUL (P1.T4) (S.Foster),rebound,timeout,3,Low
21800145,272,timeout,2,PT02M20.00S,02:20,Q2 02:20,46,49,1610612743.0,,NUGGETS Timeout: Regular (Full 3 Short 0),foul,substitution,3,Low
21800145,273,substitution,2,PT02M20.00S,02:20,Q2 02:20,46,49,1610612738.0,Tatum,SUB out: J. Tatum,timeout,substitution,3,Low
21800145,274,substitution,2,PT02M20.00S,02:20,Q2 02:20,46,49,1610612738.0,Smart,SUB in: M. Smart,substitution,3pt missed,3,Low
21800145,275,3pt,2,PT02M09.00S,02:09,Q2 02:09,46,49,1610612743.0,Harris,MISS Harris 25' 3PT Jump Shot,substitution,rebound,3,Low
21800145,276,rebound,2,PT02M07.00S,02:07,Q2 02:07,46,49,1610612743.0,Hernangomez,Hernangomez REBOUND (Off:1 Def:1),3pt missed,2pt made,3,Low
21800145,277,2pt,2,PT02M05.00S,02:05,Q2 02:05,48,49,1610612743.0,Murray,Murray 19' Jump Shot (23 PTS) (Hernangomez 1 AST),rebound,2pt made,1,Low
21800145,279,2pt,2,PT01M48.00S,01:48,Q2 01:48,48,51,1610612738.0,Brown,Brown 8' Turnaround Fadeaway Bank Jump Shot (9 PTS),2pt made,2pt missed,3,Low
21800145,281,2pt,2,PT01M36.00S,01:36,Q2 01:36,48,51,1610612743.0,Murray,MISS Murray 13' Pullup Jump Shot,2pt made,rebound,3,Low
21800145,282,rebound,2,PT01M34.00S,01:34,Q2 01:34,48,51,1610612738.0,Morris Sr.,Morris Sr. REBOUND (Off:0 Def:3),2pt missed,2pt made,3,Low
21800145,283,2pt,2,PT01M14.00S,01:14,Q2 01:14,48,53,1610612738.0,Horford,Horford 7' Turnaround Hook Shot (6 PTS),rebound,2pt made,5,Low
21800145,284,2pt,2,PT00M59.20S,00:59,Q2 00:59,50,53,1610612743.0,Harris,Harris 3' Driving Layup (9 PTS) (Jokic 6 AST),2pt made,foul,3,Low
21800145,286,foul,2,PT00M59.20S,00:59,Q2 00:59,50,53,1610612738.0,Smart,Smart S.FOUL (P1.PN) (S.Foster),2pt made,freethrow,3,Low
21800145,290,freethrow,2,PT00M59.20S,00:59,Q2 00:59,51,53,1610612743.0,Harris,Harris Free Throw 1 of 1 (10 PTS),foul,substitution,2,Low
21800145,288,substitution,2,PT00M59.20S,00:59,Q2 00:59,50,53,1610612743.0,Jokic,SUB out: N. Jokic,freethrow,substitution,3,Low
21800145,289,substitution,2,PT00M59.20S,00:59,Q2 00:59,50,53,1610612743.0,Plumlee,SUB in: M. Plumlee,substitution,3pt missed,3,Low
21800145,291,3pt,2,PT00M45.50S,00:45,Q2 00:45,51,53,1610612738.0,Brown,MISS Brown 25' 3PT Jump Shot,substitution,rebound,2,Low
21800145,292,rebound,2,PT00M42.50S,00:42,Q2 00:42,51,53,1610612743.0,Plumlee,Plumlee REBOUND (Off:3 Def:2),3pt missed,3pt made,2,Low
21800145,293,3pt,2,PT00M25.50S,00:25,Q2 00:25,54,53,1610612743.0,Millsap,Millsap 24' 3PT Jump Shot (5 PTS) (Harris 3 AST),rebound,3pt made,1,Low
21800145,295,3pt,2,PT00M03.60S,00:03,Q2 00:03,54,56,1610612738.0,Irving,Irving 24' 3PT Step Back Jump Shot (16 PTS),3pt made,3pt missed,2,Low
21800145,296,3pt,2,PT00M00.80S,00:00,Q2 00:00,54,56,1610612743.0,Murray,MISS Murray 39' 3PT Running Jump Shot,3pt made,rebound,2,Low
21800145,297,rebound,2,PT00M00.10S,00:00,Q2 00:00,54,56,1610612743.0,,TEAM offensive REBOUND,3pt missed,period,2,Low
21800145,298,period,2,PT00M00.00S,00:00,Q2 00:00,54,56,1610612743.0,,End of 2nd Period (9:59 PM EST),rebound,period,2,Low
21800145,305,period,3,PT12M00.00S,12:00,Q3 12:00,54,56,1610612743.0,,Start of 3rd Period (10:14 PM EST),period,substitution,2,Low
21800145,306,foul,3,PT11M51.00S,11:51,Q3 11:51,54,56,1610612743.0,Jokic,Jokic OFF.Foul (P3) (S.Foster),substitution,turnover,2,Low
21800145,308,turnover,3,PT11M51.00S,11:51,Q3 11:51,54,56,1610612743.0,Jokic,Jokic Offensive Foul Turnover (P3.T9),foul,3pt missed,2,Low
21800145,309,3pt,3,PT11M31.00S,11:31,Q3 11:31,54,56,1610612738.0,Hayward,MISS Hayward 25' 3PT Jump Shot,turnover,rebound,2,Low
21800145,310,rebound,3,PT11M27.00S,11:27,Q3 11:27,54,56,1610612743.0,Jokic,Jokic REBOUND (Off:1 Def:5),3pt missed,foul,2,Low
21800145,311,foul,3,PT11M19.00S,11:19,Q3 11:19,54,56,1610612738.0,Hayward,Hayward P.FOUL (P1.T1) (L.Richardson),rebound,3pt made,2,Low
21800145,313,3pt,3,PT11M06.00S,11:06,Q3 11:06,57,56,1610612743.0,Hernangomez,Hernangomez 24' 3PT Jump Shot (3 PTS) (Jokic 7 AST),foul,3pt made,1,Low
21800145,315,3pt,3,PT10M49.00S,10:49,Q3 10:49,57,59,1610612738.0,Irving,Irving 25' 3PT Pullup Jump Shot (19 PTS),3pt made,3pt missed,2,Low
21800145,316,3pt,3,PT10M34.00S,10:34,Q3 10:34,57,59,1610612743.0,Hernangomez,MISS Hernangomez 3PT Jump Shot,3pt made,rebound,2,Low
21800145,317,rebound,3,PT10M30.00S,10:30,Q3 10:30,57,59,1610612738.0,Irving,Irving REBOUND (Off:0 Def:2),3pt missed,2pt missed,2,Low
21800145,318,2pt,3,PT10M27.00S,10:27,Q3 10:27,57,59,1610612738.0,Hayward,MISS Hayward 2' Running Layup,rebound,block,2,Low
21800145,318,block,3,PT10M27.00S,10:27,Q3 10:27,57,59,1610612743.0,Hernangomez,Hernangomez BLOCK (1 BLK),2pt missed,rebound,2,Low
21800145,320,rebound,3,PT10M23.00S,10:23,Q3 10:23,57,59,1610612743.0,Jokic,Jokic REBOUND (Off:1 Def:6),block,foul,2,Low
21800145,321,foul,3,PT10M21.00S,10:21,Q3 10:21,57,59,1610612738.0,Brown,Brown S.FOUL (P1.T2) (B.Forte),rebound,freethrow,2,Low
21800145,323,freethrow,3,PT10M21.00S,10:21,Q3 10:21,58,59,1610612743.0,Murray,Murray Free Throw 1 of 2 (24 PTS),foul,freethrow,1,Low
21800145,324,freethrow,3,PT10M21.00S,10:21,Q3 10:21,59,59,1610612743.0,Murray,Murray Free Throw 2 of 2 (25 PTS),freethrow,2pt made,0,Low
21800145,325,2pt,3,PT10M06.00S,10:06,Q3 10:06,59,61,1610612738.0,Tatum,Tatum 3' Driving Finger Roll Layup (9 PTS),freethrow,2pt made,2,Low
21800145,327,2pt,3,PT09M51.00S,09:51,Q3 09:51,61,61,1610612743.0,Millsap,Millsap 1' Cutting Dunk Shot (7 PTS) (Jokic 8 AST),2pt made,2pt missed,0,Low
21800145,329,2pt,3,PT09M30.00S,09:30,Q3 09:30,61,61,1610612738.0,Tatum,MISS Tatum 17' Fadeaway Jumper,2pt made,rebound,0,Low
21800145,330,rebound,3,PT09M27.00S,09:27,Q3 09:27,61,61,1610612743.0,Millsap,Millsap REBOUND (Off:1 Def:2),2pt missed,3pt missed,0,Low
21800145,331,3pt,3,PT09M13.00S,09:13,Q3 09:13,61,61,1610612743.0,Murray,MISS Murray 25' 3PT Jump Shot,rebound,rebound,0,Low
21800145,332,rebound,3,PT09M07.00S,09:07,Q3 09:07,61,61,1610612743.0,Hernangomez,Hernangomez REBOUND (Off:2 Def:1),3pt missed,2pt missed,0,Low
21800145,333,2pt,3,PT09M06.00S,09:06,Q3 09:06,61,61,1610612743.0,Hernangomez,MISS Hernangomez 2' Putback Layup,rebound,rebound,0,Low
21800145,334,rebound,3,PT09M04.00S,09:04,Q3 09:04,61,61,1610612738.0,Horford,Horford REBOUND (Off:0 Def:4),2pt missed,2pt made,0,Low
21800145,335,2pt,3,PT08M59.00S,08:59,Q3 08:59,61,63,1610612738.0,Irving,Irving 2' Driving Layup (21 PTS),rebound,foul,2,Low
21800145,336,foul,3,PT08M59.00S,08:59,Q3 08:59,61,63,1610612743.0,Hernangomez,Hernangomez S.FOUL (P1.T1) (B.Forte),2pt made,freethrow,2,Low
21800145,340,freethrow,3,PT08M59.00S,08:59,Q3 08:59,61,64,1610612738.0,Irving,Irving Free Throw 1 of 1 (22 PTS),foul,substitution,3,Low
21800145,338,substitution,3,PT08M59.00S,08:59,Q3 08:59,61,63,1610612738.0,Hayward,SUB out: G. Hayward,freethrow,substitution,2,Low
21800145,339,substitution,3,PT08M59.00S,08:59,Q3 08:59,61,63,1610612738.0,Smart,SUB in: M. Smart,substitution,foul,2,Low
21800145,341,foul,3,PT08M43.00S,08:43,Q3 08:43,61,64,1610612738.0,Irving,Irving S.FOUL (P2.T3) (S.Foster),substitution,instant replay,3,Low
21800145,346,freethrow,3,PT08M43.00S,08:43,Q3 08:43,62,64,1610612743.0,Jokic,Jokic Free Throw 1 of 2 (5 PTS),instant replay,freethrow,2,Low
21800145,347,freethrow,3,PT08M43.00S,08:43,Q3 08:43,62,64,1610612743.0,Jokic,MISS Jokic Free Throw 2 of 2,freethrow,rebound,2,Low
21800145,348,rebound,3,PT08M42.00S,08:42,Q3 08:42,62,64,1610612743.0,Jokic,Jokic REBOUND (Off:2 Def:6),freethrow,2pt made,2,Low
21800145,349,2pt,3,PT08M37.00S,08:37,Q3 08:37,64,64,1610612743.0,Murray,Murray 9' Driving Floating Jump Shot (27 PTS) (Millsap 1 AST),rebound,foul,0,Low
21800145,350,foul,3,PT08M13.00S,08:13,Q3 08:13,64,64,1610612743.0,Jokic,Jokic S.FOUL (P4.T2) (B.Forte),2pt made,freethrow,0,Low
21800145,352,freethrow,3,PT08M13.00S,08:13,Q3 08:13,64,65,1610612738.0,Tatum,Tatum Free Throw 1 of 2 (10 PTS),foul,freethrow,1,Low
21800145,357,freethrow,3,PT08M13.00S,08:13,Q3 08:13,64,66,1610612738.0,Tatum,Tatum Free Throw 2 of 2 (11 PTS),freethrow,substitution,2,Low
21800145,353,substitution,3,PT08M13.00S,08:13,Q3 08:13,64,65,1610612743.0,Jokic,SUB out: N. Jokic,freethrow,substitution,1,Low
21800145,354,substitution,3,PT08M13.00S,08:13,Q3 08:13,64,65,1610612738.0,Horford,SUB out: A. Horford,substitution,substitution,1,Low
21800145,355,substitution,3,PT08M13.00S,08:13,Q3 08:13,64,65,1610612743.0,Plumlee,SUB in: M. Plumlee,substitution,substitution,1,Low
21800145,356,substitution,3,PT08M13.00S,08:13,Q3 08:13,64,65,1610612738.0,Baynes,SUB in: A. Baynes,substitution,foul,1,Low
21800145,358,foul,3,PT07M56.00S,07:56,Q3 07:56,64,66,1610612738.0,Baynes,Baynes S.FOUL (P2.T4) (B.Forte),substitution,freethrow,2,Low
21800145,360,freethrow,3,PT07M56.00S,07:56,Q3 07:56,65,66,1610612743.0,Millsap,Millsap Free Throw 1 of 2 (8 PTS),foul,freethrow,1,Low
21800145,361,freethrow,3,PT07M56.00S,07:56,Q3 07:56,66,66,1610612743.0,Millsap,Millsap Free Throw 2 of 2 (9 PTS),freethrow,3pt missed,0,Low
21800145,362,3pt,3,PT07M37.00S,07:37,Q3 07:37,66,66,1610612738.0,Baynes,MISS Baynes 26' 3PT Jump Shot,freethrow,rebound,0,Low
21800145,363,rebound,3,PT07M31.00S,07:31,Q3 07:31,66,66,1610612738.0,Irving,Irving REBOUND (Off:1 Def:2),3pt missed,2pt made,0,Low
21800145,364,2pt,3,PT07M31.00S,07:31,Q3 07:31,66,68,1610612738.0,Irving,Irving 1' Putback Layup (24 PTS),rebound,3pt made,2,Low
21800145,365,3pt,3,PT07M20.00S,07:20,Q3 07:20,69,68,1610612743.0,Hernangomez,Hernangomez 3PT Jump Shot (6 PTS) (Murray 2 AST),2pt made,2pt missed,1,Low
21800145,367,2pt,3,PT07M11.00S,07:11,Q3 07:11,69,68,1610612738.0,Irving,MISS Irving 4' Driving Finger Roll Layup,3pt made,rebound,1,Low
21800145,368,rebound,3,PT07M11.00S,07:11,Q3 07:11,69,68,1610612743.0,,TEAM defensive REBOUND,2pt missed,foul,1,Low
21800145,369,foul,3,PT07M11.00S,07:11,Q3 07:11,69,68,1610612738.0,Baynes,Baynes L.B.FOUL (P3.PN) (B.Forte),rebound,freethrow,1,Low
21800145,371,freethrow,3,PT07M11.00S,07:11,Q3 07:11,70,68,1610612743.0,Murray,Murray Free Throw 1 of 2 (28 PTS),foul,freethrow,2,Low
21800145,372,freethrow,3,PT07M11.00S,07:11,Q3 07:11,71,68,1610612743.0,Murray,Murray Free Throw 2 of 2 (29 PTS),freethrow,foul,3,Low
21800145,373,foul,3,PT06M55.00S,06:55,Q3 06:55,71,68,1610612743.0,Harris,Harris P.FOUL (P1.T3) (S.Foster),freethrow,timeout,3,Low
21800145,375,timeout,3,PT06M55.00S,06:55,Q3 06:55,71,68,1610612743.0,,NUGGETS Timeout: Regular (Full 4 Short 0),foul,2pt made,3,Low
21800145,377,2pt,3,PT06M43.00S,06:43,Q3 06:43,71,70,1610612738.0,Baynes,Baynes 10' Jump Shot (2 PTS) (Irving 4 AST),timeout,3pt missed,1,Low
21800145,379,3pt,3,PT06M29.00S,06:29,Q3 06:29,71,70,1610612743.0,Hernangomez,MISS Hernangomez 25' 3PT Jump Shot,2pt made,rebound,1,Low
21800145,380,rebound,3,PT06M26.00S,06:26,Q3 06:26,71,70,1610612738.0,Brown,Brown REBOUND (Off:0 Def:1),3pt missed,3pt missed,1,Low
21800145,381,3pt,3,PT06M20.00S,06:20,Q3 06:20,71,70,1610612738.0,Tatum,MISS Tatum 25' 3PT Jump Shot,rebound,rebound,1,Low
21800145,382,rebound,3,PT06M16.00S,06:16,Q3 06:16,71,70,1610612743.0,Millsap,Millsap REBOUND (Off:1 Def:3),3pt missed,2pt missed,1,Low
21800145,383,2pt,3,PT06M10.00S,06:10,Q3 06:10,71,70,1610612743.0,Millsap,MISS Millsap 3' Running Finger Roll Layup,rebound,rebound,1,Low
21800145,384,rebound,3,PT06M07.00S,06:07,Q3 06:07,71,70,1610612743.0,Murray,Murray REBOUND (Off:1 Def:2),2pt missed,3pt missed,1,Low
21800145,385,3pt,3,PT06M05.00S,06:05,Q3 06:05,71,70,1610612743.0,Millsap,MISS Millsap 3PT Jump Shot,rebound,rebound,1,Low
21800145,386,rebound,3,PT06M03.00S,06:03,Q3 06:03,71,70,1610612743.0,Plumlee,Plumlee REBOUND (Off:4 Def:2),3pt missed,substitution,1,Low
21800145,388,substitution,3,PT06M01.00S,06:01,Q3 06:01,71,70,1610612738.0,Tatum,SUB out: J. Tatum,rebound,substitution,1,Low
21800145,389,substitution,3,PT06M01.00S,06:01,Q3 06:01,71,70,1610612738.0,Baynes,SUB out: A. Baynes,substitution,substitution,1,Low
21800145,390,substitution,3,PT06M01.00S,06:01,Q3 06:01,71,70,1610612738.0,Morris Sr.,SUB in: M. Morris Sr.,substitution,substitution,1,Low
21800145,391,substitution,3,PT06M01.00S,06:01,Q3 06:01,71,70,1610612738.0,Williams III,SUB in: R. Williams III,substitution,2pt missed,1,Low
21800145,392,2pt,3,PT05M56.00S,05:56,Q3 05:56,71,70,1610612743.0,Harris,MISS Harris 22' Jump Shot,substitution,rebound,1,Low
21800145,393,rebound,3,PT05M55.00S,05:55,Q3 05:55,71,70,1610612738.0,Morris Sr.,Morris Sr. REBOUND (Off:0 Def:4),2pt missed,foul,1,Low
21800145,394,foul,3,PT05M48.00S,05:48,Q3 05:48,71,70,1610612743.0,Plumlee,Plumlee P.FOUL (P1.T4) (S.Foster),rebound,2pt missed,1,Low
21800145,396,2pt,3,PT05M39.00S,05:39,Q3 05:39,71,70,1610612738.0,Morris Sr.,MISS Morris Sr. 12' Fadeaway Jumper,foul,rebound,1,Low
21800145,397,rebound,3,PT05M35.00S,05:35,Q3 05:35,71,70,1610612738.0,Brown,Brown REBOUND (Off:1 Def:1),2pt missed,2pt missed,1,Low
21800145,398,2pt,3,PT05M32.00S,05:32,Q3 05:32,71,70,1610612738.0,Brown,MISS Brown 4' Driving Floating Jump Shot,rebound,rebound,1,Low
21800145,399,rebound,3,PT05M32.00S,05:32,Q3 05:32,71,70,1610612743.0,Plumlee,Plumlee REBOUND (Off:4 Def:3),2pt missed,2pt made,1,Low
21800145,400,2pt,3,PT05M24.00S,05:24,Q3 05:24,73,70,1610612743.0,Harris,Harris 2' Driving Layup (12 PTS) (Murray 3 AST),rebound,foul,3,Low
21800145,402,foul,3,PT05M24.00S,05:24,Q3 05:24,73,70,1610612738.0,Williams III,Williams III S.FOUL (P1.PN) (S.Foster),2pt made,freethrow,3,Low
21800145,404,freethrow,3,PT05M24.00S,05:24,Q3 05:24,74,70,1610612743.0,Harris,Harris Free Throw 1 of 1 (13 PTS),foul,2pt made,4,Low
21800145,405,2pt,3,PT05M03.00S,05:03,Q3 05:03,74,72,1610612738.0,Irving,Irving 14' Turnaround Fadeaway (26 PTS) (Smart 3 AST),freethrow,foul,2,Low
21800145,407,foul,3,PT04M58.00S,04:58,Q3 04:58,74,72,1610612738.0,Williams III,Williams III Personal Take Foul (P2.PN) (S.Foster),2pt made,freethrow,2,Low
21800145,409,freethrow,3,PT04M58.00S,04:58,Q3 04:58,74,72,1610612743.0,Plumlee,MISS Plumlee Free Throw 1 of 2,foul,rebound,2,Low
21800145,410,rebound,3,PT04M58.00S,04:58,Q3 04:58,74,72,1610612743.0,,TEAM offensive REBOUND,freethrow,freethrow,2,Low
21800145,411,freethrow,3,PT04M58.00S,04:58,Q3 04:58,74,72,1610612743.0,Plumlee,MISS Plumlee Free Throw 2 of 2,rebound,rebound,2,Low
21800145,412,rebound,3,PT04M56.00S,04:56,Q3 04:56,74,72,1610612738.0,Williams III,Williams III REBOUND (Off:0 Def:1),freethrow,foul,2,Low
21800145,413,foul,3,PT04M55.00S,04:55,Q3 04:55,74,72,1610612743.0,Harris,Harris Personal Take Foul (P2.PN) (L.Richardson),rebound,freethrow,2,Low
21800145,415,freethrow,3,PT04M55.00S,04:55,Q3 04:55,74,73,1610612738.0,Williams III,Williams III Free Throw 1 of 2 (1 PTS),foul,freethrow,1,Low
21800145,418,freethrow,3,PT04M55.00S,04:55,Q3 04:55,74,73,1610612738.0,Williams III,MISS Williams III Free Throw 2 of 2,freethrow,rebound,1,Low
21800145,419,rebound,3,PT04M55.00S,04:55,Q3 04:55,74,73,1610612738.0,,TEAM offensive REBOUND,freethrow,foul,1,Low
21800145,420,foul,3,PT04M55.00S,04:55,Q3 04:55,74,73,1610612743.0,Millsap,Millsap L.B.FOUL (P1.PN) (L.Richardson),rebound,freethrow,1,Low
21800145,422,freethrow,3,PT04M55.00S,04:55,Q3 04:55,74,74,1610612738.0,Smart,Smart Free Throw 1 of 2 (5 PTS),foul,freethrow,0,Low
21800145,423,freethrow,3,PT04M55.00S,04:55,Q3 04:55,74,75,1610612738.0,Smart,Smart Free Throw 2 of 2 (6 PTS),freethrow,substitution,1,Low
21800145,416,substitution,3,PT04M55.00S,04:55,Q3 04:55,74,73,1610612743.0,Plumlee,SUB out: M. Plumlee,freethrow,substitution,1,Low
21800145,417,substitution,3,PT04M55.00S,04:55,Q3 04:55,74,73,1610612743.0,Lyles,SUB in: T. Lyles,substitution,2pt missed,1,Low
21800145,424,2pt,3,PT04M42.00S,04:42,Q3 04:42,74,75,1610612743.0,Harris,MISS Harris 1' Driving Layup,substitution,block,1,Low
21800145,424,block,3,PT04M42.00S,04:42,Q3 04:42,74,75,1610612738.0,Smart,Smart BLOCK (2 BLK),2pt missed,rebound,1,Low
21800145,426,rebound,3,PT04M42.00S,04:42,Q3 04:42,74,75,1610612743.0,,TEAM offensive REBOUND,block,3pt missed,1,Low
21800145,428,3pt,3,PT04M33.00S,04:33,Q3 04:33,74,75,1610612743.0,Murray,MISS Murray 26' 3PT Pullup Jump Shot,rebound,rebound,1,Low
21800145,429,rebound,3,PT04M30.00S,04:30,Q3 04:30,74,75,1610612743.0,Harris,Harris REBOUND (Off:2 Def:2),3pt missed,3pt missed,1,Low
21800145,430,3pt,3,PT04M22.00S,04:22,Q3 04:22,74,75,1610612743.0,Harris,MISS Harris 26' 3PT Jump Shot,rebound,rebound,1,Low
21800145,431,rebound,3,PT04M18.00S,04:18,Q3 04:18,74,75,1610612743.0,Hernangomez,Hernangomez REBOUND (Off:3 Def:1),3pt missed,2pt made,1,Low
21800145,432,2pt,3,PT04M17.00S,04:17,Q3 04:17,76,75,1610612743.0,Hernangomez,Hernangomez 1' Putback Layup (8 PTS),rebound,3pt missed,1,Low
21800145,433,3pt,3,PT04M02.00S,04:02,Q3 04:02,76,75,1610612738.0,Morris Sr.,MISS Morris Sr. 25' 3PT Jump Shot,2pt made,rebound,1,Low
21800145,434,rebound,3,PT03M59.00S,03:59,Q3 03:59,76,75,1610612738.0,Williams III,Williams III REBOUND (Off:1 Def:1),3pt missed,2pt made,1,Low
21800145,435,2pt,3,PT03M58.00S,03:58,Q3 03:58,76,77,1610612738.0,Williams III,Williams III 1' Putback Dunk (3 PTS),rebound,foul,1,Low
21800145,436,foul,3,PT03M40.00S,03:40,Q3 03:40,76,77,1610612738.0,Williams III,Williams III Personal Take Foul (P3.PN) (L.Richardson),2pt made,freethrow,1,Low
21800145,438,freethrow,3,PT03M40.00S,03:40,Q3 03:40,77,77,1610612743.0,Millsap,Millsap Free Throw 1 of 2 (10 PTS),foul,freethrow,0,Low
21800145,447,freethrow,3,PT03M40.00S,03:40,Q3 03:40,77,77,1610612743.0,Millsap,MISS Millsap Free Throw 2 of 2,freethrow,substitution,0,Low
21800145,439,substitution,3,PT03M40.00S,03:40,Q3 03:40,77,77,1610612738.0,Brown,SUB out: J. Brown,freethrow,substitution,0,Low
21800145,440,substitution,3,PT03M40.00S,03:40,Q3 03:40,77,77,1610612738.0,Irving,SUB out: K. Irving,substitution,substitution,0,Low
21800145,441,substitution,3,PT03M40.00S,03:40,Q3 03:40,77,77,1610612738.0,Williams III,SUB out: R. Williams III,substitution,substitution,0,Low
21800145,442,substitution,3,PT03M40.00S,03:40,Q3 03:40,77,77,1610612743.0,Harris,SUB out: G. Harris,substitution,substitution,0,Low
21800145,443,substitution,3,PT03M40.00S,03:40,Q3 03:40,77,77,1610612738.0,Rozier,SUB in: T. Rozier,substitution,substitution,0,Low
21800145,444,substitution,3,PT03M40.00S,03:40,Q3 03:40,77,77,1610612738.0,Hayward,SUB in: G. Hayward,substitution,substitution,0,Low
21800145,445,substitution,3,PT03M40.00S,03:40,Q3 03:40,77,77,1610612738.0,Horford,SUB in: A. Horford,substitution,substitution,0,Low
21800145,446,substitution,3,PT03M40.00S,03:40,Q3 03:40,77,77,1610612743.0,Beasley,SUB in: M. Beasley,substitution,rebound,0,Low
21800145,448,rebound,3,PT03M38.00S,03:38,Q3 03:38,77,77,1610612738.0,Hayward,Hayward REBOUND (Off:0 Def:5),substitution,2pt made,0,Low
21800145,449,2pt,3,PT03M23.00S,03:23,Q3 03:23,77,79,1610612738.0,Horford,Horford 7' Turnaround Hook Shot (8 PTS),rebound,3pt made,2,Low
21800145,450,3pt,3,PT03M06.00S,03:06,Q3 03:06,80,79,1610612743.0,Beasley,Beasley 26' 3PT Pullup Jump Shot (5 PTS) (Millsap 2 AST),2pt made,2pt missed,1,Low
21800145,452,2pt,3,PT02M49.00S,02:49,Q3 02:49,80,79,1610612738.0,Hayward,MISS Hayward 8' Turnaround Jump Shot,3pt made,rebound,1,Low
21800145,453,rebound,3,PT02M48.00S,02:48,Q3 02:48,80,79,1610612743.0,Millsap,Millsap REBOUND (Off:1 Def:4),2pt missed,2pt missed,1,Low
21800145,454,2pt,3,PT02M37.00S,02:37,Q3 02:37,80,79,1610612743.0,Millsap,MISS Millsap 5' Driving Finger Roll Layup,rebound,rebound,1,Low
21800145,455,rebound,3,PT02M35.00S,02:35,Q3 02:35,80,79,1610612738.0,Hayward,Hayward REBOUND (Off:0 Def:6),2pt missed,3pt missed,1,Low
21800145,456,3pt,3,PT02M21.00S,02:21,Q3 02:21,80,79,1610612738.0,Rozier,MISS Rozier 3PT Jump Shot,rebound,rebound,1,Low
21800145,457,rebound,3,PT02M18.00S,02:18,Q3 02:18,80,79,1610612743.0,Hernangomez,Hernangomez REBOUND (Off:3 Def:2),3pt missed,2pt missed,1,Low
21800145,458,2pt,3,PT02M01.00S,02:01,Q3 02:01,80,79,1610612743.0,Murray,MISS Murray 12' Fadeaway Jumper,rebound,rebound,1,Low
21800145,459,rebound,3,PT01M58.00S,01:58,Q3 01:58,80,79,1610612738.0,Morris Sr.,Morris Sr. REBOUND (Off:0 Def:5),2pt missed,turnover,1,Low
21800145,460,turnover,3,PT01M51.00S,01:51,Q3 01:51,80,79,1610612738.0,Morris Sr.,Morris Sr. Discontinue Dribble Turnover (P2.T6),rebound,timeout,1,Low
21800145,461,timeout,3,PT01M51.00S,01:51,Q3 01:51,80,79,1610612738.0,,Celtics Timeout: Regular (Reg.2 Short 0),turnover,substitution,1,Low
21800145,462,substitution,3,PT01M51.00S,01:51,Q3 01:51,80,79,1610612743.0,Millsap,SUB out: P. Millsap,timeout,substitution,1,Low
21800145,463,substitution,3,PT01M51.00S,01:51,Q3 01:51,80,79,1610612743.0,Murray,SUB out: J. Murray,substitution,substitution,1,Low
21800145,464,substitution,3,PT01M51.00S,01:51,Q3 01:51,80,79,1610612743.0,Hernangomez,SUB out: J. Hernangomez,substitution,substitution,1,Low
21800145,465,substitution,3,PT01M51.00S,01:51,Q3 01:51,80,79,1610612738.0,Smart,SUB out: M. Smart,substitution,substitution,1,Low
21800145,466,substitution,3,PT01M51.00S,01:51,Q3 01:51,80,79,1610612743.0,Plumlee,SUB in: M. Plumlee,substitution,substitution,1,Low
21800145,467,substitution,3,PT01M51.00S,01:51,Q3 01:51,80,79,1610612743.0,Morris,SUB in: M. Morris,substitution,substitution,1,Low
21800145,468,substitution,3,PT01M51.00S,01:51,Q3 01:51,80,79,1610612743.0,Harris,SUB in: G. Harris,substitution,substitution,1,Low
21800145,469,substitution,3,PT01M51.00S,01:51,Q3 01:51,80,79,1610612738.0,Tatum,SUB in: J. Tatum,substitution,2pt made,1,Low
21800145,470,2pt,3,PT01M42.00S,01:42,Q3 01:42,82,79,1610612743.0,Morris,Morris 6' Driving Floating Jump Shot (4 PTS),substitution,turnover,3,Low
21800145,471,turnover,3,PT01M25.00S,01:25,Q3 01:25,82,79,1610612738.0,Rozier,Rozier Lost Ball Turnover (P1.T7),2pt made,steal,3,Low
21800145,471,steal,3,PT01M25.00S,01:25,Q3 01:25,82,79,1610612743.0,Plumlee,Plumlee STEAL (1 STL),turnover,2pt made,3,Low
21800145,473,2pt,3,PT01M21.00S,01:21,Q3 01:21,84,79,1610612743.0,Lyles,Lyles 2' Alley Oop Layup (8 PTS) (Morris 3 AST),steal,2pt missed,5,Low
21800145,475,2pt,3,PT00M56.90S,00:56,Q3 00:56,84,79,1610612738.0,Tatum,MISS Tatum 13' Running Jump Shot,2pt made,rebound,5,Low
21800145,476,rebound,3,PT00M55.70S,00:55,Q3 00:55,84,79,1610612738.0,Tatum,Tatum REBOUND (Off:1 Def:1),2pt missed,2pt made,5,Low
21800145,477,2pt,3,PT00M50.20S,00:50,Q3 00:50,84,81,1610612738.0,Morris Sr.,Morris Sr. 2' Driving Layup (4 PTS),rebound,foul,3,Low
21800145,478,foul,3,PT00M38.20S,00:38,Q3 00:38,84,81,1610612738.0,Rozier,Rozier P.FOUL (P2.PN) (S.Foster),2pt made,freethrow,3,Low
21800145,480,freethrow,3,PT00M38.20S,00:38,Q3 00:38,85,81,1610612743.0,Morris,Morris Free Throw 1 of 2 (5 PTS),foul,freethrow,4,Low
21800145,481,freethrow,3,PT00M38.20S,00:38,Q3 00:38,86,81,1610612743.0,Morris,Morris Free Throw 2 of 2 (6 PTS),freethrow,2pt missed,5,Low
21800145,482,2pt,3,PT00M29.60S,00:29,Q3 00:29,86,81,1610612738.0,Rozier,MISS Rozier 14' Turnaround Fadeaway Shot,freethrow,rebound,5,Low
21800145,483,rebound,3,PT00M26.50S,00:26,Q3 00:26,86,81,1610612743.0,Lyles,Lyles REBOUND (Off:0 Def:3),2pt missed,2pt made,5,Low
21800145,484,2pt,3,PT00M03.80S,00:03,Q3 00:03,88,81,1610612743.0,Morris,Morris 8' Fadeaway Jumper (8 PTS),rebound,timeout,7,Low
21800145,485,timeout,3,PT00M03.80S,00:03,Q3 00:03,88,81,1610612738.0,,Celtics Timeout: Regular (Reg.3 Short 0),2pt made,substitution,7,Low
21800145,486,substitution,3,PT00M03.80S,00:03,Q3 00:03,88,81,1610612738.0,Rozier,SUB out: T. Rozier,timeout,substitution,7,Low
21800145,487,substitution,3,PT00M03.80S,00:03,Q3 00:03,88,81,1610612738.0,Tatum,SUB out: J. Tatum,substitution,substitution,7,Low
21800145,488,substitution,3,PT00M03.80S,00:03,Q3 00:03,88,81,1610612738.0,Smart,SUB in: M. Smart,substitution,substitution,7,Low
21800145,489,substitution,3,PT00M03.80S,00:03,Q3 00:03,88,81,1610612738.0,Irving,SUB in: K. Irving,substitution,period,7,Low
21800145,492,period,3,PT00M00.00S,00:00,Q3 00:00,88,81,1610612743.0,,End of 3rd Period (10:48 PM EST),substitution,period,7,Low
21800145,497,period,4,PT12M00.00S,12:00,Q4 12:00,88,81,1610612743.0,,Start of 4th Period (10:50 PM EST),period,substitution,7,Medium
21800145,498,foul,4,PT11M51.00S,11:51,Q4 11:51,88,81,1610612743.0,Harris,Harris S.FOUL (P3.T1) (B.Forte),substitution,freethrow,7,Medium
21800145,500,freethrow,4,PT11M51.00S,11:51,Q4 11:51,88,82,1610612738.0,Tatum,Tatum Free Throw 1 of 2 (12 PTS),foul,freethrow,6,Medium
21800145,501,freethrow,4,PT11M51.00S,11:51,Q4 11:51,88,83,1610612738.0,Tatum,Tatum Free Throw 2 of 2 (13 PTS),freethrow,foul,5,Medium
21800145,502,foul,4,PT11M38.00S,11:38,Q4 11:38,88,83,1610612738.0,Tatum,Tatum S.FOUL (P1.T1) (B.Forte),freethrow,freethrow,5,Medium
21800145,504,freethrow,4,PT11M38.00S,11:38,Q4 11:38,88,83,1610612743.0,Plumlee,MISS Plumlee Free Throw 1 of 2,foul,rebound,5,Medium
21800145,505,rebound,4,PT11M38.00S,11:38,Q4 11:38,88,83,1610612743.0,,TEAM offensive REBOUND,freethrow,freethrow,5,Medium
21800145,506,freethrow,4,PT11M38.00S,11:38,Q4 11:38,88,83,1610612743.0,Plumlee,MISS Plumlee Free Throw 2 of 2,rebound,rebound,5,Medium
21800145,507,rebound,4,PT11M36.00S,11:36,Q4 11:36,88,83,1610612738.0,Morris Sr.,Morris Sr. REBOUND (Off:0 Def:6),freethrow,2pt made,5,Medium
21800145,508,2pt,4,PT11M25.00S,11:25,Q4 11:25,88,85,1610612738.0,Tatum,Tatum 1' Cutting Layup Shot (15 PTS) (Horford 5 AST),rebound,3pt made,3,Medium
21800145,510,3pt,4,PT11M13.00S,11:13,Q4 11:13,91,85,1610612743.0,Lyles,Lyles 25' 3PT Jump Shot (11 PTS) (Morris 4 AST),2pt made,turnover,6,Medium
21800145,512,turnover,4,PT10M53.00S,10:53,Q4 10:53,91,85,1610612738.0,Hayward,Hayward Lost Ball Turnover (P1.T8),3pt made,steal,6,Medium
21800145,512,steal,4,PT10M53.00S,10:53,Q4 10:53,91,85,1610612743.0,Harris,Harris STEAL (2 STL),turnover,3pt missed,6,Medium
21800145,514,3pt,4,PT10M44.00S,10:44,Q4 10:44,91,85,1610612743.0,Lyles,MISS Lyles 25' 3PT Jump Shot,steal,rebound,6,Medium
21800145,515,rebound,4,PT10M41.00S,10:41,Q4 10:41,91,85,1610612738.0,Rozier,Rozier REBOUND (Off:0 Def:3),3pt missed,3pt missed,6,Medium
21800145,516,3pt,4,PT10M25.00S,10:25,Q4 10:25,91,85,1610612738.0,Hayward,MISS Hayward 3PT Jump Shot,rebound,rebound,6,Medium
21800145,517,rebound,4,PT10M22.00S,10:22,Q4 10:22,91,85,1610612738.0,Hayward,Hayward REBOUND (Off:1 Def:6),3pt missed,3pt missed,6,Medium
21800145,518,3pt,4,PT10M12.00S,10:12,Q4 10:12,91,85,1610612738.0,Morris Sr.,MISS Morris Sr. 25' 3PT Step Back Jump Shot,rebound,rebound,6,Medium
21800145,519,rebound,4,PT10M10.00S,10:10,Q4 10:10,91,85,1610612743.0,,TEAM defensive REBOUND,3pt missed,foul,6,Medium
21800145,520,foul,4,PT10M10.00S,10:10,Q4 10:10,91,85,1610612738.0,Hayward,Hayward L.B.FOUL (P2.T2) (B.Forte),rebound,turnover,6,Medium
21800145,522,turnover,4,PT09M55.00S,09:55,Q4 09:55,91,85,1610612743.0,Lyles,Lyles Step Out of Bounds Turnover (P1.T10),foul,substitution,6,Medium
21800145,523,substitution,4,PT09M55.00S,09:55,Q4 09:55,91,85,1610612738.0,Morris Sr.,SUB out: M. Morris Sr.,turnover,substitution,6,Medium
21800145,524,substitution,4,PT09M55.00S,09:55,Q4 09:55,91,85,1610612738.0,Irving,SUB in: K. Irving,substitution,foul,6,Medium
21800145,525,foul,4,PT09M43.00S,09:43,Q4 09:43,91,85,1610612743.0,Beasley,Beasley P.FOUL (P2.T2) (S.Foster),substitution,substitution,6,Medium
21800145,527,substitution,4,PT09M43.00S,09:43,Q4 09:43,91,85,1610612743.0,Harris,SUB out: G. Harris,foul,substitution,6,Medium
21800145,528,substitution,4,PT09M43.00S,09:43,Q4 09:43,91,85,1610612743.0,Plumlee,SUB out: M. Plumlee,substitution,substitution,6,Medium
21800145,529,substitution,4,PT09M43.00S,09:43,Q4 09:43,91,85,1610612743.0,Jokic,SUB in: N. Jokic,substitution,substitution,6,Medium
21800145,530,substitution,4,PT09M43.00S,09:43,Q4 09:43,91,85,1610612743.0,Murray,SUB in: J. Murray,substitution,2pt made,6,Medium
21800145,531,2pt,4,PT09M35.00S,09:35,Q4 09:35,91,87,1610612738.0,Horford,Horford 2' Layup (10 PTS) (Irving 5 AST),substitution,3pt missed,4,Medium
21800145,534,3pt,4,PT09M26.00S,09:26,Q4 09:26,91,87,1610612743.0,Beasley,MISS Beasley 24' 3PT Jump Shot,2pt made,rebound,4,Medium
21800145,535,rebound,4,PT09M23.00S,09:23,Q4 09:23,91,87,1610612738.0,Hayward,Hayward REBOUND (Off:1 Def:7),3pt missed,3pt made,4,Medium
21800145,536,3pt,4,PT09M13.00S,09:13,Q4 09:13,91,90,1610612738.0,Irving,Irving 3PT Fadeaway Jumper (29 PTS) (Tatum 2 AST),rebound,timeout,1,Medium
21800145,538,timeout,4,PT09M12.00S,09:12,Q4 09:12,91,90,1610612743.0,,NUGGETS Timeout: Regular (Full 5 Short 0),3pt made,substitution,1,Medium
21800145,539,substitution,4,PT09M12.00S,09:12,Q4 09:12,91,90,1610612738.0,Horford,SUB out: A. Horford,timeout,substitution,1,Medium
21800145,540,substitution,4,PT09M12.00S,09:12,Q4 09:12,91,90,1610612738.0,Morris Sr.,SUB in: M. Morris Sr.,substitution,2pt made,1,Medium
21800145,541,2pt,4,PT08M49.00S,08:49,Q4 08:49,93,90,1610612743.0,Murray,Murray 13' Turnaround Fadeaway (31 PTS),substitution,foul,3,Medium
21800145,542,foul,4,PT08M31.00S,08:31,Q4 08:31,93,90,1610612738.0,Morris Sr.,Morris Sr. Offensive Charge Foul (P2.T3) (S.Foster),2pt made,turnover,3,Medium
21800145,544,turnover,4,PT08M31.00S,08:31,Q4 08:31,93,90,1610612738.0,Morris Sr.,Morris Sr. Offensive Foul Turnover (P3.T9),foul,foul,3,Medium
21800145,545,foul,4,PT08M31.00S,08:31,Q4 08:31,93,90,1610612738.0,Morris Sr.,Morris Sr. T.FOUL (P2.T3) (S.Foster),turnover,freethrow,3,Medium
21800145,546,freethrow,4,PT08M31.00S,08:31,Q4 08:31,94,90,1610612743.0,Murray,Murray Free Throw Technical (32 PTS),foul,2pt made,4,Medium
21800145,547,2pt,4,PT08M14.00S,08:14,Q4 08:14,96,90,1610612743.0,Jokic,Jokic 4' Turnaround Bank Hook Shot (7 PTS) (Murray 4 AST),freethrow,2pt missed,6,Medium
21800145,549,2pt,4,PT08M02.00S,08:02,Q4 08:02,96,90,1610612738.0,Tatum,MISS Tatum 3' Finger Roll Layup,2pt made,block,6,Medium
21800145,549,block,4,PT08M02.00S,08:02,Q4 08:02,96,90,1610612743.0,Lyles,Lyles BLOCK (2 BLK),2pt missed,rebound,6,Medium
21800145,551,rebound,4,PT08M00.00S,08:00,Q4 08:00,96,90,1610612743.0,Murray,Murray REBOUND (Off:1 Def:3),block,2pt missed,6,Medium
21800145,552,2pt,4,PT07M57.00S,07:57,Q4 07:57,96,90,1610612743.0,Murray,MISS Murray 2' Running Layup,rebound,block,6,Medium
21800145,552,block,4,PT07M57.00S,07:57,Q4 07:57,96,90,1610612738.0,Irving,Irving BLOCK (1 BLK),2pt missed,rebound,6,Medium
21800145,554,rebound,4,PT07M52.00S,07:52,Q4 07:52,96,90,1610612738.0,Hayward,Hayward REBOUND (Off:1 Def:8),block,2pt made,6,Medium
21800145,555,2pt,4,PT07M42.00S,07:42,Q4 07:42,96,92,1610612738.0,Morris Sr.,Morris Sr. 1' Driving Layup (6 PTS),rebound,turnover,4,Medium
21800145,556,turnover,4,PT07M29.00S,07:29,Q4 07:29,96,92,1610612743.0,Beasley,Beasley Bad Pass Turnover (P2.T11),2pt made,steal,4,Medium
21800145,556,steal,4,PT07M29.00S,07:29,Q4 07:29,96,92,1610612738.0,Tatum,Tatum STEAL (1 STL),turnover,2pt made,4,Medium
21800145,558,2pt,4,PT07M24.00S,07:24,Q4 07:24,96,94,1610612738.0,Hayward,Hayward 1' Running Layup (8 PTS) (Tatum 3 AST),steal,3pt made,2,Medium
21800145,560,3pt,4,PT07M11.00S,07:11,Q4 07:11,99,94,1610612743.0,Murray,Murray 26' 3PT Pullup Jump Shot (35 PTS),2pt made,turnover,5,Medium
21800145,561,turnover,4,PT06M58.00S,06:58,Q4 06:58,99,94,1610612738.0,Morris Sr.,Morris Sr. Traveling Turnover (P4.T10),3pt made,substitution,5,High
21800145,562,substitution,4,PT06M58.00S,06:58,Q4 06:58,99,94,1610612743.0,Beasley,SUB out: M. Beasley,turnover,substitution,5,High
21800145,563,substitution,4,PT06M58.00S,06:58,Q4 06:58,99,94,1610612738.0,Rozier,SUB out: T. Rozier,substitution,substitution,5,High
21800145,564,substitution,4,PT06M58.00S,06:58,Q4 06:58,99,94,1610612738.0,Hayward,SUB out: G. Hayward,substitution,substitution,5,High
21800145,565,substitution,4,PT06M58.00S,06:58,Q4 06:58,99,94,1610612743.0,Harris,SUB in: G. Harris,substitution,substitution,5,High
21800145,566,substitution,4,PT06M58.00S,06:58,Q4 06:58,99,94,1610612738.0,Smart,SUB in: M. Smart,substitution,substitution,5,High
21800145,567,substitution,4,PT06M58.00S,06:58,Q4 06:58,99,94,1610612738.0,Brown,SUB in: J. Brown,substitution,3pt made,5,High
21800145,568,3pt,4,PT06M48.00S,06:48,Q4 06:48,102,94,1610612743.0,Murray,Murray 25' 3PT Pullup Jump Shot (38 PTS),substitution,timeout,8,Medium
21800145,569,timeout,4,PT06M46.00S,06:46,Q4 06:46,102,94,1610612738.0,,Celtics Timeout: Regular (Reg.4 Short 0),3pt made,substitution,8,Medium
21800145,570,substitution,4,PT06M46.00S,06:46,Q4 06:46,102,94,1610612738.0,Morris Sr.,SUB out: M. Morris Sr.,timeout,substitution,8,Medium
21800145,571,substitution,4,PT06M46.00S,06:46,Q4 06:46,102,94,1610612738.0,Horford,SUB in: A. Horford,substitution,3pt missed,8,Medium
21800145,572,3pt,4,PT06M35.00S,06:35,Q4 06:35,102,94,1610612738.0,Horford,MISS Horford 25' 3PT Jump Shot,substitution,rebound,8,Medium
21800145,573,rebound,4,PT06M31.00S,06:31,Q4 06:31,102,94,1610612738.0,Irving,Irving REBOUND (Off:2 Def:2),3pt missed,2pt made,8,Medium
21800145,574,2pt,4,PT06M25.00S,06:25,Q4 06:25,102,96,1610612738.0,Brown,Brown 3' Driving Finger Roll Layup (11 PTS),rebound,2pt made,6,High
21800145,575,2pt,4,PT06M08.00S,06:08,Q4 06:08,104,96,1610612743.0,Murray,Murray 18' Pullup Jump Shot (40 PTS) (Lyles 2 AST),2pt made,turnover,8,Medium
21800145,577,turnover,4,PT05M50.00S,05:50,Q4 05:50,104,96,1610612738.0,Irving,Irving Lost Ball Turnover (P1.T11),2pt made,steal,8,Medium
21800145,577,steal,4,PT05M50.00S,05:50,Q4 05:50,104,96,1610612743.0,Harris,Harris STEAL (3 STL),turnover,foul,8,Medium
21800145,579,foul,4,PT05M47.00S,05:47,Q4 05:47,104,96,1610612738.0,Tatum,Tatum S.FOUL (P2.T4) (S.Foster),steal,freethrow,8,Medium
21800145,581,freethrow,4,PT05M47.00S,05:47,Q4 05:47,105,96,1610612743.0,Lyles,Lyles Free Throw 1 of 2 (12 PTS),foul,freethrow,9,Medium
21800145,582,freethrow,4,PT05M47.00S,05:47,Q4 05:47,106,96,1610612743.0,Lyles,Lyles Free Throw 2 of 2 (13 PTS),freethrow,3pt made,10,Medium
21800145,583,3pt,4,PT05M34.00S,05:34,Q4 05:34,106,99,1610612738.0,Smart,Smart 25' 3PT Jump Shot (9 PTS) (Horford 6 AST),freethrow,2pt made,7,Medium
21800145,585,2pt,4,PT05M21.00S,05:21,Q4 05:21,108,99,1610612743.0,Murray,Murray 16' Step Back Jump Shot (42 PTS),3pt made,2pt made,9,Medium
21800145,586,2pt,4,PT05M08.00S,05:08,Q4 05:08,108,101,1610612738.0,Horford,Horford 1' Cutting Dunk Shot (12 PTS) (Tatum 4 AST),2pt made,2pt missed,7,Medium
21800145,588,2pt,4,PT04M55.00S,04:55,Q4 04:55,108,101,1610612743.0,Jokic,MISS Jokic 5' Jump Shot,2pt made,block,7,High
21800145,588,block,4,PT04M55.00S,04:55,Q4 04:55,108,101,1610612738.0,Smart,Smart BLOCK (3 BLK),2pt missed,rebound,7,High
21800145,590,rebound,4,PT04M52.00S,04:52,Q4 04:52,108,101,1610612738.0,Brown,Brown REBOUND (Off:1 Def:2),block,3pt missed,7,High
21800145,591,3pt,4,PT04M50.00S,04:50,Q4 04:50,108,101,1610612738.0,Tatum,MISS Tatum 3PT Jump Shot,rebound,rebound,7,High
21800145,592,rebound,4,PT04M47.00S,04:47,Q4 04:47,108,101,1610612743.0,Murray,Murray REBOUND (Off:1 Def:4),3pt missed,2pt missed,7,High
21800145,593,2pt,4,PT04M25.00S,04:25,Q4 04:25,108,101,1610612743.0,Lyles,MISS Lyles 9' Driving Floating Jump Shot,rebound,rebound,7,High
21800145,594,rebound,4,PT04M22.00S,04:22,Q4 04:22,108,101,1610612738.0,Smart,Smart REBOUND (Off:1 Def:2),2pt missed,3pt missed,7,High
21800145,595,3pt,4,PT04M15.00S,04:15,Q4 04:15,108,101,1610612738.0,Horford,MISS Horford 25' 3PT Jump Shot,rebound,rebound,7,High
21800145,596,rebound,4,PT04M13.00S,04:13,Q4 04:13,108,101,1610612743.0,,TEAM defensive REBOUND,3pt missed,substitution,7,High
21800145,598,substitution,4,PT04M13.00S,04:13,Q4 04:13,108,101,1610612743.0,Lyles,SUB out: T. Lyles,rebound,substitution,7,High
21800145,599,substitution,4,PT04M13.00S,04:13,Q4 04:13,108,101,1610612743.0,Millsap,SUB in: P. Millsap,substitution,turnover,7,High
21800145,600,turnover,4,PT03M59.00S,03:59,Q4 03:59,108,101,1610612743.0,Murray,Murray Bad Pass Turnover (P4.T12),substitution,steal,7,High
21800145,600,steal,4,PT03M59.00S,03:59,Q4 03:59,108,101,1610612738.0,Smart,Smart STEAL (2 STL),turnover,2pt made,7,High
21800145,602,2pt,4,PT03M50.00S,03:50,Q4 03:50,108,103,1610612738.0,Irving,Irving 3' Floating Jump Shot (31 PTS),steal,2pt made,5,High
21800145,603,2pt,4,PT03M33.00S,03:33,Q4 03:33,110,103,1610612743.0,Murray,Murray 2' Driving Layup (44 PTS),2pt made,2pt made,7,High
21800145,604,2pt,4,PT03M14.00S,03:14,Q4 03:14,110,105,1610612738.0,Brown,Brown 3' Pullup Jump Shot (13 PTS),2pt made,foul,5,High
21800145,605,foul,4,PT02M57.00S,02:57,Q4 02:57,110,105,1610612743.0,Murray,Murray OFF.Foul (P1) (L.Richardson),2pt made,turnover,5,High
21800145,607,turnover,4,PT02M57.00S,02:57,Q4 02:57,110,105,1610612743.0,Murray,Murray Offensive Foul Turnover (P5.T13),foul,3pt missed,5,High
21800145,608,3pt,4,PT02M47.00S,02:47,Q4 02:47,110,105,1610612738.0,Irving,MISS Irving 26' 3PT Jump Shot,turnover,rebound,5,High
21800145,609,rebound,4,PT02M42.00S,02:42,Q4 02:42,110,105,1610612743.0,Harris,Harris REBOUND (Off:2 Def:3),3pt missed,2pt made,5,High
21800145,610,2pt,4,PT02M23.00S,02:23,Q4 02:23,112,105,1610612743.0,Murray,Murray 3' Driving Finger Roll Layup (46 PTS),rebound,3pt missed,7,High
21800145,611,3pt,4,PT02M08.00S,02:08,Q4 02:08,112,105,1610612738.0,Smart,MISS Smart 25' 3PT Jump Shot,2pt made,rebound,7,High
21800145,612,rebound,4,PT02M06.00S,02:06,Q4 02:06,112,105,1610612743.0,Jokic,Jokic REBOUND (Off:2 Def:7),3pt missed,2pt missed,7,High
21800145,613,2pt,4,PT01M48.00S,01:48,Q4 01:48,112,105,1610612743.0,Millsap,MISS Millsap 3' Cutting Dunk Shot,rebound,block,7,High
21800145,613,block,4,PT01M48.00S,01:48,Q4 01:48,112,105,1610612738.0,Smart,Smart BLOCK (4 BLK),2pt missed,rebound,7,High
21800145,615,rebound,4,PT01M48.00S,01:48,Q4 01:48,112,105,1610612743.0,Millsap,Millsap REBOUND (Off:2 Def:4),block,instant replay,7,High
21800145,617,timeout,4,PT01M48.00S,01:48,Q4 01:48,112,105,1610612743.0,,NUGGETS Timeout: Regular (Full 6 Short 0),instant replay,2pt made,7,High
21800145,618,2pt,4,PT01M43.00S,01:43,Q4 01:43,114,105,1610612743.0,Murray,Murray 1' Driving Finger Roll Layup (48 PTS),timeout,3pt missed,9,Medium
21800145,619,3pt,4,PT01M32.00S,01:32,Q4 01:32,114,105,1610612738.0,Brown,MISS Brown 3PT Jump Shot,2pt made,rebound,9,Medium
21800145,620,rebound,4,PT01M29.00S,01:29,Q4 01:29,114,105,1610612743.0,Jokic,Jokic REBOUND (Off:2 Def:8),3pt missed,3pt missed,9,Medium
21800145,621,3pt,4,PT01M10.00S,01:10,Q4 01:10,114,105,1610612743.0,Murray,MISS Murray 24' 3PT Pullup Jump Shot,rebound,rebound,9,Medium
21800145,622,rebound,4,PT01M07.00S,01:07,Q4 01:07,114,105,1610612738.0,Brown,Brown REBOUND (Off:1 Def:3),3pt missed,2pt made,9,Medium
21800145,623,2pt,4,PT00M59.90S,00:59,Q4 00:59,114,107,1610612738.0,Brown,Brown 1' Driving Reverse Layup (15 PTS),rebound,3pt missed,7,High
21800145,624,3pt,4,PT00M45.30S,00:45,Q4 00:45,114,107,1610612743.0,Morris,MISS Morris 26' 3PT Jump Shot,2pt made,rebound,7,High
21800145,625,rebound,4,PT00M42.00S,00:42,Q4 00:42,114,107,1610612743.0,Millsap,Millsap REBOUND (Off:3 Def:4),3pt missed,foul,7,High
21800145,626,foul,4,PT00M33.90S,00:33,Q4 00:33,114,107,1610612738.0,Irving,Irving P.FOUL (P3.PN) (S.Foster),rebound,foul,7,High
21800145,628,foul,4,PT00M31.90S,00:31,Q4 00:31,114,107,1610612738.0,Smart,Smart Personal Take Foul (P2.PN) (L.Richardson),foul,freethrow,7,High
21800145,630,freethrow,4,PT00M31.90S,00:31,Q4 00:31,114,107,1610612743.0,Jokic,MISS Jokic Free Throw 1 of 2,foul,rebound,7,High
21800145,631,rebound,4,PT00M31.90S,00:31,Q4 00:31,114,107,1610612743.0,,TEAM offensive REBOUND,freethrow,freethrow,7,High
21800145,634,freethrow,4,PT00M31.90S,00:31,Q4 00:31,115,107,1610612743.0,Jokic,Jokic Free Throw 2 of 2 (8 PTS),rebound,timeout,8,High
21800145,635,timeout,4,PT00M31.90S,00:31,Q4 00:31,115,107,1610612738.0,,Celtics Timeout: Regular (Reg.5 Short 0),freethrow,substitution,8,High
21800145,632,substitution,4,PT00M31.90S,00:31,Q4 00:31,114,107,1610612738.0,Irving,SUB out: K. Irving,timeout,substitution,7,High
21800145,633,substitution,4,PT00M31.90S,00:31,Q4 00:31,115,107,1610612743.0,Jokic,SUB out: N. Jokic,substitution,substitution,8,High
21800145,634,substitution,4,PT00M31.90S,00:31,Q4 00:31,115,107,1610612738.0,Smart,SUB out: M. Smart,substitution,substitution,8,High
21800145,635,substitution,4,PT00M31.90S,00:31,Q4 00:31,115,107,1610612738.0,Baynes,SUB out: A. Baynes,substitution,substitution,8,High
21800145,636,substitution,4,PT00M31.90S,00:31,Q4 00:31,114,107,1610612738.0,Baynes,SUB in: A. Baynes,substitution,substitution,7,High
21800145,637,substitution,4,PT00M31.90S,00:31,Q4 00:31,115,107,1610612743.0,Plumlee,SUB in: M. Plumlee,substitution,substitution,8,High
21800145,638,substitution,4,PT00M31.90S,00:31,Q4 00:31,115,107,1610612738.0,Irving,SUB in: K. Irving,substitution,substitution,8,High
21800145,639,substitution,4,PT00M31.90S,00:31,Q4 00:31,115,107,1610612738.0,Rozier,SUB in: T. Rozier,substitution,3pt missed,8,High
21800145,642,3pt,4,PT00M28.60S,00:28,Q4 00:28,115,107,1610612738.0,Rozier,MISS Rozier 26' 3PT Pullup Jump Shot,substitution,rebound,8,High
21800145,643,rebound,4,PT00M25.20S,00:25,Q4 00:25,115,107,1610612743.0,Millsap,Millsap REBOUND (Off:3 Def:5),3pt missed,2pt missed,8,High
21800145,644,2pt,4,PT00M17.60S,00:17,Q4 00:17,115,107,1610612743.0,Murray,MISS Murray 3' Driving Reverse Layup,rebound,rebound,8,High
21800145,645,rebound,4,PT00M14.10S,00:14,Q4 00:14,115,107,1610612738.0,Irving,Irving REBOUND (Off:2 Def:3),2pt missed,turnover,8,High
21800145,646,turnover,4,PT00M10.90S,00:10,Q4 00:10,115,107,1610612738.0,Irving,Irving Out of Bounds Lost Ball Turnover (P2.T12),rebound,3pt missed,8,High
21800145,647,3pt,4,PT00M01.00S,00:01,Q4 00:01,115,107,1610612743.0,Murray,MISS Murray 30' 3PT Pullup Jump Shot,turnover,rebound,8,High
21800145,648,rebound,4,PT00M00.10S,00:00,Q4 00:00,115,107,1610612743.0,,TEAM offensive REBOUND,3pt missed,period,8,High
21800145,649,period,4,PT00M00.00S,00:00,Q4 00:00,115,107,1610612743.0,,End of 4th Period (11:23 PM EST),rebound,,8,High
